"Trade No","Signal ID","Strategy","Spread Type","Underlying","Exchange","Symbol","Expiry","Strike","Option Type","Buy/Sell","Product","Lot Size","Lots","Qty","Entry Date","Entry Time (IST)","Entry Price","Exit Date","Exit Time (IST)","Exit Price","Exit Type","Leg P&L","Trade P&L (calculated)","Trade P&L (reported)","Trade P&L % (reported)","Margin Required","Holding Days","Result","P&L Check"
"1","686df402c497380f3b424f4b","Zen Credit Spread Overnight","Bull Put Spread","NIFTY","NSE","NIFTY2571025150PE","2025-07-10","25150","PE","BUY","INTRADAY","75","4","300","2025-07-09","10:15:54","4.45","2025-07-09","14:53:40","9.15","Final Exit","1410.00","-13815.00","-13815","-4.32","66573.27","0.19","Loss","OK"
"1","686df402c497380f3b424f4b","Zen Credit Spread Overnight","Bull Put Spread","NIFTY","NSE","NIFTY2571025550PE","2025-07-10","25550","PE","SELL","INTRADAY","75","4","300","2025-07-09","10:15:54","70.5","2025-07-09","14:53:40","121.25","Final Exit","-15225.00","-13815.00","-13815","-4.32","66573.27","0.19","Loss","OK"
"2","686f46ae7cbf9a41b4d5f98a","Zen Credit Spread Overnight","Bull Put Spread","NIFTY","NSE","NIFTY2571025400PE","2025-07-10","25400","PE","SELL","INTRADAY","75","3","225","2025-07-10","10:20:54","36","2025-07-11","00:00:11","44.6","Final Exit","-1935.0","-2171.25","-2171.25","-0.68","105964.4","0.57","Loss","OK"
"2","686f46ae7cbf9a41b4d5f98a","Zen Credit Spread Overnight","Bull Put Spread","NIFTY","NSE","NIFTY2571025000PE","2025-07-10","25000","PE","BUY","INTRADAY","75","3","225","2025-07-10","10:20:54","1.1","2025-07-11","00:00:11","0.05","Final Exit","-236.25","-2171.25","-2171.25","-0.68","105964.4","0.57","Loss","OK"
"3","6870982e26b0558e19dd9c8d","Zen Credit Spread Overnight","Bear Call Spread","NIFTY","NSE","NIFTY2571725250CE","2025-07-17","25250","CE","SELL","INTRADAY","75","4","300","2025-07-11","10:20:54","136.15","2025-07-14","15:00:52","58.65","Final Exit","23250.00","19830.00","19830","6.2","69752.04","3.19","Profit","OK"
"3","6870982e26b0558e19dd9c8d","Zen Credit Spread Overnight","Bear Call Spread","NIFTY","NSE","NIFTY2571725650CE","2025-07-17","25650","CE","BUY","INTRADAY","75","4","300","2025-07-11","10:20:54","19.95","2025-07-14","15:00:52","8.55","Final Exit","-3420.00","19830.00","19830","6.2","69752.04","3.19","Profit","OK"
"4","6875ddf23d26f885bf3ddd58","Zen Credit Spread Overnight","Bear Call Spread","NIFTY","NSE","NIFTY2571725150CE","2025-07-17","25150","CE","SELL","INTRADAY","75","4","300","2025-07-15","10:19:54","75.65","2025-07-15","11:01:31","124.75","Final Exit","-14730.00","-13215.00","-13215","-4.13","67300.39","0.03","Loss","OK"
"4","6875ddf23d26f885bf3ddd58","Zen Credit Spread Overnight","Bear Call Spread","NIFTY","NSE","NIFTY2571725550CE","2025-07-17","25550","CE","BUY","INTRADAY","75","4","300","2025-07-15","10:19:54","7.75","2025-07-15","11:01:31","12.8","Final Exit","1515.00","-13215.00","-13215","-4.13","67300.39","0.03","Loss","OK"
"5","6875e87e3d26f885bf3de1c5","Zen Credit Spread Overnight","Bull Put Spread","NIFTY","NSE","NIFTY2571725200PE","2025-07-17","25200","PE","SELL","INTRADAY","75","4","300","2025-07-15","11:04:54","73.2","2025-07-16","15:00:40","37.3","Final Exit","10770.0","9285.00","9285","2.9","66202.32","1.16","Profit","OK"
"5","6875e87e3d26f885bf3de1c5","Zen Credit Spread Overnight","Bull Put Spread","NIFTY","NSE","NIFTY2571724800PE","2025-07-17","24800","PE","BUY","INTRADAY","75","4","300","2025-07-15","11:04:54","7.8","2025-07-16","15:00:40","2.85","Final Exit","-1485.00","9285.00","9285","2.9","66202.32","1.16","Profit","OK"
"6","687a097ddd63e53ed2070fd8","Zen Credit Spread Overnight","Bull Put Spread","NIFTY","NSE","NIFTY2572424950PE","2025-07-24","24950","PE","SELL","INTRADAY","75","4","300","2025-07-18","14:14:45","99.2","2025-07-21","15:00:29","42.85","Final Exit","16905.00","13740.00","13740","4.29","65327.56","3.03","Profit","OK"
"6","687a097ddd63e53ed2070fd8","Zen Credit Spread Overnight","Bull Put Spread","NIFTY","NSE","NIFTY2572424550PE","2025-07-24","24550","PE","BUY","INTRADAY","75","4","300","2025-07-18","14:14:45","18","2025-07-21","15:00:29","7.45","Final Exit","-3165.00","13740.00","13740","4.29","65327.56","3.03","Profit","OK"
"7","687f178536c7cab06e858141","Zen Credit Spread Overnight","Bull Put Spread","NIFTY","NSE","NIFTY2572425100PE","2025-07-24","25100","PE","SELL","INTRADAY","75","4","300","2025-07-22","10:15:57","68","2025-07-23","15:00:29","14","Final Exit","16200","14670.00","14670","4.58","65663.67","1.2","Profit","OK"
"7","687f178536c7cab06e858141","Zen Credit Spread Overnight","Bull Put Spread","NIFTY","NSE","NIFTY2572424700PE","2025-07-24","24700","PE","BUY","INTRADAY","75","4","300","2025-07-22","10:15:57","7.25","2025-07-23","15:00:29","2.15","Final Exit","-1530.00","14670.00","14670","4.58","65663.67","1.2","Profit","OK"
"8","6881bbf40bc782350fb89aeb","Zen Credit Spread Overnight","Bull Put Spread","NIFTY","NSE","NIFTY2572424750PE","2025-07-24","24750","PE","BUY","INTRADAY","75","3","225","2025-07-24","10:22:04","1.05","2025-07-24","11:34:57","1.2","Final Exit","33.75","-9393.75","-9393.75","-2.94","105716.52","0.05","Loss","OK"
"8","6881bbf40bc782350fb89aeb","Zen Credit Spread Overnight","Bull Put Spread","NIFTY","NSE","NIFTY2572425150PE","2025-07-24","25150","PE","SELL","INTRADAY","75","3","225","2025-07-24","10:22:04","19.2","2025-07-24","11:34:57","61.1","Final Exit","-9427.5","-9393.75","-9393.75","-2.94","105716.52","0.05","Loss","OK"
"9","6881cdbe0bc782350fb8a2bb","Zen Credit Spread Overnight","Bear Call Spread","NIFTY","NSE","NIFTY2572425500CE","2025-07-24","25500","CE","BUY","INTRADAY","75","3","225","2025-07-24","11:37:58","1.75","2025-07-25","00:00:15","0.05","Final Exit","-382.50","6693.75","6693.75","2.09","106117.44","0.52","Profit","OK"
"9","6881cdbe0bc782350fb8a2bb","Zen Credit Spread Overnight","Bear Call Spread","NIFTY","NSE","NIFTY2572425100CE","2025-07-24","25100","CE","SELL","INTRADAY","75","3","225","2025-07-24","11:37:58","31.5","2025-07-25","00:00:15","0.05","Final Exit","7076.25","6693.75","6693.75","2.09","106117.44","0.52","Profit","OK"
"10","68830c4041a856ca9e06da0f","Zen Credit Spread Overnight","Bear Call Spread","NIFTY","NSE","NIFTY25JUL24900CE","2025-07-31","24900","CE","SELL","INTRADAY","75","4","300","2025-07-25","10:16:56","122.55","2025-07-28","15:00:38","44.5","Final Exit","23415.00","19815.00","19815","6.19","70241.54","3.2","Profit","OK"
"10","68830c4041a856ca9e06da0f","Zen Credit Spread Overnight","Bear Call Spread","NIFTY","NSE","NIFTY25JUL25300CE","2025-07-31","25300","CE","BUY","INTRADAY","75","4","300","2025-07-25","10:16:56","20.9","2025-07-28","15:00:38","8.9","Final Exit","-3600.0","19815.00","19815","6.19","70241.54","3.2","Profit","OK"
"11","68885204cd3468605dbb1f6e","Zen Credit Spread Overnight","Bear Call Spread","NIFTY","NSE","NIFTY25JUL24650CE","2025-07-31","24650","CE","SELL","INTRADAY","75","4","300","2025-07-29","10:15:56","117.7","2025-07-29","13:33:57","169.75","Final Exit","-15615.00","-14310.00","-14310","-4.47","67793.83","0.14","Loss","OK"
"11","68885204cd3468605dbb1f6e","Zen Credit Spread Overnight","Bear Call Spread","NIFTY","NSE","NIFTY25JUL25050CE","2025-07-31","25050","CE","BUY","INTRADAY","75","4","300","2025-07-29","10:15:56","17.35","2025-07-29","13:33:57","21.7","Final Exit","1305.00","-14310.00","-14310","-4.47","67793.83","0.14","Loss","OK"
"12","688880ac76a14c6f0201ad80","Zen Credit Spread Overnight","Bull Put Spread","NIFTY","NSE","NIFTY25JUL24350PE","2025-07-31","24350","PE","BUY","INTRADAY","75","4","300","2025-07-29","13:35:00","8.2","2025-07-30","15:00:23","2.65","Final Exit","-1665.00","13950.00","13950","4.36","65991.21","1.06","Profit","OK"
"12","688880ac76a14c6f0201ad80","Zen Credit Spread Overnight","Bull Put Spread","NIFTY","NSE","NIFTY25JUL24750PE","2025-07-31","24750","PE","SELL","INTRADAY","75","4","300","2025-07-29","13:35:00","72","2025-07-30","15:00:23","19.95","Final Exit","15615.00","13950.00","13950","4.36","65991.21","1.06","Profit","OK"
"13","688af7d517760ad0006355ba","Zen Credit Spread Overnight","Bull Put Spread","NIFTY","NSE","NIFTY25JUL24300PE","2025-07-31","24300","PE","BUY","INTRADAY","75","3","225","2025-07-31","10:27:57","2.3","2025-08-01","00:00:10","0.1","Final Exit","-495.0","12341.25","12341.25","3.86","104398.35","0.56","Profit","OK"
"13","688af7d517760ad0006355ba","Zen Credit Spread Overnight","Bull Put Spread","NIFTY","NSE","NIFTY25JUL24700PE","2025-07-31","24700","PE","SELL","INTRADAY","75","3","225","2025-07-31","10:27:57","57.15","2025-08-01","00:00:10","0.1","Final Exit","12836.25","12341.25","12341.25","3.86","104398.35","0.56","Profit","OK"
"14","688c46845cbd0b9d5ee34f68","Zen Credit Spread Overnight","Bull Put Spread","NIFTY","NSE","NIFTY2580724750PE","2025-08-07","24750","PE","SELL","INTRADAY","75","4","300","2025-08-01","10:15:56","145.95","2025-08-01","12:43:47","217.8","Final Exit","-21555.00","-14415.00","-14415","-4.5","67259.18","0.1","Loss","OK"
"14","688c46845cbd0b9d5ee34f68","Zen Credit Spread Overnight","Bull Put Spread","NIFTY","NSE","NIFTY2580724350PE","2025-08-07","24350","PE","BUY","INTRADAY","75","4","300","2025-08-01","10:15:56","32.5","2025-08-01","12:43:47","56.3","Final Exit","7140.0","-14415.00","-14415","-4.5","67259.18","0.1","Loss","OK"
"15","688c6ae85cbd0b9d5ee39f4a","Zen Credit Spread Overnight","Bull Put Spread","NIFTY","NSE","NIFTY2580724250PE","2025-08-07","24250","PE","BUY","INTRADAY","75","4","300","2025-08-01","12:51:12","36.75","2025-08-04","15:00:35","16.1","Final Exit","-6195.00","12705.00","12705","3.97","67372.35","3.09","Profit","OK"
"15","688c6ae85cbd0b9d5ee39f4a","Zen Credit Spread Overnight","Bull Put Spread","NIFTY","NSE","NIFTY2580724650PE","2025-08-07","24650","PE","SELL","INTRADAY","75","4","300","2025-08-01","12:51:12","151","2025-08-04","15:00:35","88","Final Exit","18900","12705.00","12705","3.97","67372.35","3.09","Profit","OK"
"16","68918cd63af060c1eade866e","Zen Credit Spread Overnight","Bear Call Spread","NIFTY","NSE","NIFTY2580725000CE","2025-08-07","25000","CE","BUY","INTRADAY","75","4","300","2025-08-05","10:17:18","14.05","2025-08-06","15:00:29","3.2","Final Exit","-3255.00","15420.00","15420","4.82","68536.56","1.2","Profit","OK"
"16","68918cd63af060c1eade866e","Zen Credit Spread Overnight","Bear Call Spread","NIFTY","NSE","NIFTY2580724600CE","2025-08-07","24600","CE","SELL","INTRADAY","75","4","300","2025-08-05","10:17:18","122.4","2025-08-06","15:00:29","60.15","Final Exit","18675.00","15420.00","15420","4.82","68536.56","1.2","Profit","OK"
"17","689433180ac35979575bd11c","Zen Credit Spread Overnight","Bear Call Spread","NIFTY","NSE","NIFTY2580724450CE","2025-08-07","24450","CE","SELL","INTRADAY","75","3","225","2025-08-07","10:31:12","32.95","2025-08-07","14:22:22","75.45","Final Exit","-9562.50","-9888.75","-9888.75","-3.09","104896.9","0.16","Loss","OK"
"17","689433180ac35979575bd11c","Zen Credit Spread Overnight","Bear Call Spread","NIFTY","NSE","NIFTY2580724850CE","2025-08-07","24850","CE","BUY","INTRADAY","75","3","225","2025-08-07","10:31:12","2.1","2025-08-07","14:22:22","0.65","Final Exit","-326.25","-9888.75","-9888.75","-3.09","104896.9","0.16","Loss","OK"
"18","689583aaa271e32c12166486","Zen Credit Spread Overnight","Bull Put Spread","NIFTY","NSE","NIFTY2581424450PE","2025-08-14","24450","PE","SELL","INTRADAY","75","4","300","2025-08-08","10:27:14","108.85","2025-08-08","15:12:38","168.6","Final Exit","-17925.00","-13890.00","-13890","-4.34","65412.93","0.2","Loss","OK"
"18","689583aaa271e32c12166486","Zen Credit Spread Overnight","Bull Put Spread","NIFTY","NSE","NIFTY2581424050PE","2025-08-14","24050","PE","BUY","INTRADAY","75","4","300","2025-08-08","10:27:14","21.95","2025-08-08","15:12:38","35.4","Final Exit","4035.00","-13890.00","-13890","-4.34","65412.93","0.2","Loss","OK"
"19","68997587eea8c9d235ec57ce","Zen Credit Spread Overnight","Bull Put Spread","NIFTY","NSE","NIFTY2581424000PE","2025-08-14","24000","PE","BUY","INTRADAY","75","4","300","2025-08-11","10:15:59","16.9","2025-08-11","17:41:42","8.1","Final Exit","-2640.0","14835.00","14835","4.64","66066.81","0.31","Profit","OK"
"19","68997587eea8c9d235ec57ce","Zen Credit Spread Overnight","Bull Put Spread","NIFTY","NSE","NIFTY2581424400PE","2025-08-14","24400","PE","SELL","INTRADAY","75","4","300","2025-08-11","10:15:59","100.95","2025-08-11","17:41:42","42.7","Final Exit","17475.00","14835.00","14835","4.64","66066.81","0.31","Profit","OK"
"20","689ac70657e029c2fe813f20","Zen Credit Spread Overnight","Bear Call Spread","NIFTY","NSE","NIFTY2581424650CE","2025-08-14","24650","CE","SELL","CARRYFORWARD","75","4","300","2025-08-12","10:15:58","116.95","2025-08-13","15:00:48","66.65","Final Exit","15090.00","12840.00","12840","4.01","65928.18","1.2","Profit","OK"
"20","689ac70657e029c2fe813f20","Zen Credit Spread Overnight","Bear Call Spread","NIFTY","NSE","NIFTY2581425050CE","2025-08-14","25050","CE","BUY","CARRYFORWARD","75","4","300","2025-08-12","10:15:58","9.3","2025-08-13","15:00:48","1.8","Final Exit","-2250.0","12840.00","12840","4.01","65928.18","1.2","Profit","OK"
"21","689d6b9f57e029c2fe8197be","Zen Credit Spread Overnight","Bull Put Spread","NIFTY","NSE","NIFTY2581424650PE","2025-08-14","24650","PE","SELL","CARRYFORWARD","75","3","225","2025-08-14","10:22:47","44","2025-08-15","00:00:13","18.65","Final Exit","5703.75","5422.50","5422.5","1.69","102460.96","0.57","Profit","OK"
"21","689d6b9f57e029c2fe8197be","Zen Credit Spread Overnight","Bull Put Spread","NIFTY","NSE","NIFTY2581424250PE","2025-08-14","24250","PE","BUY","CARRYFORWARD","75","3","225","2025-08-14","10:22:47","1.3","2025-08-15","00:00:13","0.05","Final Exit","-281.25","5422.50","5422.5","1.69","102460.96","0.57","Profit","OK"
"22","68a2b2d462924cdd0350f93c","Zen Credit Spread Overnight","Bear Call Spread","NIFTY","NSE","NIFTY2582125000CE","2025-08-21","25000","CE","SELL","CARRYFORWARD","75","4","300","2025-08-18","10:27:56","131.25","2025-08-19","15:00:42","75.4","Final Exit","16755.00","12195.00","12195","3.81","68812.74","1.19","Profit","OK"
"22","68a2b2d462924cdd0350f93c","Zen Credit Spread Overnight","Bear Call Spread","NIFTY","NSE","NIFTY2582125400CE","2025-08-21","25400","CE","BUY","CARRYFORWARD","75","4","300","2025-08-18","10:27:56","18.3","2025-08-19","15:00:42","3.1","Final Exit","-4560.0","12195.00","12195","3.81","68812.74","1.19","Profit","OK"
"23","68a5535a62924cdd0351af2d","Zen Credit Spread Overnight","Bull Put Spread","NIFTY","NSE","NIFTY2582125000PE","2025-08-21","25000","PE","SELL","CARRYFORWARD","75","4","300","2025-08-20","10:17:22","69.05","2025-08-21","15:00:34","0.5","Final Exit","20565.00","19575.00","19575","6.12","65419.67","1.2","Profit","OK"
"23","68a5535a62924cdd0351af2d","Zen Credit Spread Overnight","Bull Put Spread","NIFTY","NSE","NIFTY2582124600PE","2025-08-21","24600","PE","BUY","CARRYFORWARD","75","4","300","2025-08-20","10:17:22","3.45","2025-08-21","15:00:34","0.15","Final Exit","-990.00","19575.00","19575","6.12","65419.67","1.2","Profit","OK"
"24","68a7f727cc14d0ef5aa18fa4","Zen Credit Spread Overnight","Bear Call Spread","NIFTY","NSE","NIFTY25AUG24950CE","2025-08-28","24950","CE","SELL","CARRYFORWARD","75","4","300","2025-08-22","10:20:47","119.4","2025-08-25","15:00:36","105.85","Final Exit","4065.00","1335.00","1335","0.42","69939.3","3.19","Profit","OK"
"24","68a7f727cc14d0ef5aa18fa4","Zen Credit Spread Overnight","Bear Call Spread","NIFTY","NSE","NIFTY25AUG25350CE","2025-08-28","25350","CE","BUY","CARRYFORWARD","75","4","300","2025-08-22","10:20:47","15.55","2025-08-25","15:00:36","6.45","Final Exit","-2730.00","1335.00","1335","0.42","69939.3","3.19","Profit","OK"
"25","68ad3c370e2840963adcee76","Zen Credit Spread Overnight","Bear Call Spread","NIFTY","NSE","NIFTY25AUG24800CE","2025-08-28","24800","CE","SELL","CARRYFORWARD","75","5","375","2025-08-26","10:16:47","68.1","2025-08-28","10:55:48","6.75","Final Exit","23006.25","21075.00","21075","6.59","63011.02","2.03","Profit","OK"
"25","68ad3c370e2840963adcee76","Zen Credit Spread Overnight","Bear Call Spread","NIFTY","NSE","NIFTY25AUG25200CE","2025-08-28","25200","CE","BUY","CARRYFORWARD","75","5","375","2025-08-26","10:16:47","6.3","2025-08-28","10:55:48","1.15","Final Exit","-1931.25","21075.00","21075","6.59","63011.02","2.03","Profit","OK"
"26","68afdf05c61aadb49c693667","Zen Credit Spread Overnight","Bear Call Spread","NIFTY","NSE","NIFTY25AUG25000CE","2025-08-28","25000","CE","BUY","CARRYFORWARD","75","3","225","2025-08-28","10:15:57","2.4","2025-08-28","10:36:15","2.4","Final Exit","0.0","-8988.75","-8988.75","-2.81","101629.35","0.01","Loss","OK"
"26","68afdf05c61aadb49c693667","Zen Credit Spread Overnight","Bear Call Spread","NIFTY","NSE","NIFTY25AUG24600CE","2025-08-28","24600","CE","SELL","CARRYFORWARD","75","3","225","2025-08-28","10:15:57","32.05","2025-08-28","10:36:15","72","Final Exit","-8988.75","-8988.75","-8988.75","-2.81","101629.35","0.01","Loss","OK"
"27","68afe3e7c61aadb49c693d4b","Zen Credit Spread Overnight","Bull Put Spread","NIFTY","NSE","NIFTY25AUG24600PE","2025-08-28","24600","PE","SELL","CARRYFORWARD","75","3","225","2025-08-28","10:36:47","31.65","2025-08-28","13:06:52","70.8","Final Exit","-8808.75","-9033.75","-9033.75","-2.82","100589.55","0.1","Loss","OK"
"27","68afe3e7c61aadb49c693d4b","Zen Credit Spread Overnight","Bull Put Spread","NIFTY","NSE","NIFTY25AUG24200PE","2025-08-28","24200","PE","BUY","CARRYFORWARD","75","3","225","2025-08-28","10:36:47","1.65","2025-08-28","13:06:52","0.65","Final Exit","-225.00","-9033.75","-9033.75","-2.82","100589.55","0.1","Loss","OK"
"28","68b131b8e9f1f364f5c21b8c","Zen Credit Spread Overnight","Bull Put Spread","NIFTY","NSE","NIFTY2590224100PE","2025-09-02","24100","PE","BUY","CARRYFORWARD","75","5","375","2025-08-29","10:21:04","9.15","2025-09-01","15:00:51","2.35","Final Exit","-2550.00","23062.50","23062.5","7.21","57347.25","3.19","Profit","OK"
"28","68b131b8e9f1f364f5c21b8c","Zen Credit Spread Overnight","Bull Put Spread","NIFTY","NSE","NIFTY2590224500PE","2025-09-02","24500","PE","SELL","CARRYFORWARD","75","5","375","2025-08-29","10:21:04","85.3","2025-09-01","15:00:51","17","Final Exit","25612.5","23062.50","23062.5","7.21","57347.25","3.19","Profit","OK"
"29","68b6768710b8ef5d6802773a","Zen Credit Spread Overnight","Bear Call Spread","NIFTY","NSE","NIFTY2590225150CE","2025-09-02","25150","CE","BUY","CARRYFORWARD","75","2","150","2025-09-02","10:15:59","0.8","2025-09-03","15:00:21","0.1","Target 1","-105.0","7728.75","2576.25","0.81","100245.3","1.2","Profit","MISMATCH"
"29","68b6768710b8ef5d6802773a","Zen Credit Spread Overnight","Bear Call Spread","NIFTY","NSE","NIFTY2590224750CE","2025-09-02","24750","CE","SELL","CARRYFORWARD","75","2","150","2025-09-02","10:15:59","35.1","2025-09-03","15:00:21","0.05","Target 1","5257.50","7728.75","2576.25","0.81","100245.3","1.2","Profit","MISMATCH"
"29","68b6768710b8ef5d6802773a","Zen Credit Spread Overnight","Bear Call Spread","NIFTY","NSE","NIFTY2590225150CE","2025-09-02","25150","CE","BUY","CARRYFORWARD","75","1","75","2025-09-02","10:15:59","0.8","2025-09-03","15:00:21","0.1","Final Exit","-52.5","7728.75","2576.25","0.81","100245.3","1.2","Profit","MISMATCH"
"29","68b6768710b8ef5d6802773a","Zen Credit Spread Overnight","Bear Call Spread","NIFTY","NSE","NIFTY2590224750CE","2025-09-02","24750","CE","SELL","CARRYFORWARD","75","1","75","2025-09-02","10:15:59","35.1","2025-09-03","15:00:21","0.05","Final Exit","2628.75","7728.75","2576.25","0.81","100245.3","1.2","Profit","MISMATCH"
"30","68b9199839d275d30ff93b2b","Zen Credit Spread Overnight","Bear Call Spread","NIFTY","NSE","NIFTY2590924850CE","2025-09-09","24850","CE","SELL","INTRADAY","75","4","300","2025-09-04","10:16:16","109.05","2025-09-05","15:00:37","50.25","Final Exit","17640.00","15180.00","15180","4.74","64346.33","1.2","Profit","OK"
"30","68b9199839d275d30ff93b2b","Zen Credit Spread Overnight","Bear Call Spread","NIFTY","NSE","NIFTY2590925250CE","2025-09-09","25250","CE","BUY","INTRADAY","75","4","300","2025-09-04","10:16:16","11.2","2025-09-05","15:00:37","3","Final Exit","-2460.0","15180.00","15180","4.74","64346.33","1.2","Profit","OK"
"31","68be5f9a1b1326ae39d177ab","Zen Credit Spread Overnight","Bear Call Spread","NIFTY","NSE","NIFTY2590925200CE","2025-09-09","25200","CE","BUY","CARRYFORWARD","75","4","300","2025-09-08","10:16:18","2.2","2025-09-08","12:40:54","2.85","Final Exit","195.00","-13140.00","-13140","-4.11","66074.93","0.1","Loss","OK"
"31","68be5f9a1b1326ae39d177ab","Zen Credit Spread Overnight","Bear Call Spread","NIFTY","NSE","NIFTY2590924800CE","2025-09-09","24800","CE","SELL","CARRYFORWARD","75","4","300","2025-09-08","10:16:18","70.15","2025-09-08","12:40:54","114.6","Final Exit","-13335.00","-13140.00","-13140","-4.11","66074.93","0.1","Loss","OK"
"32","68be81b21b1326ae39d17af6","Zen Credit Spread Overnight","Bull Put Spread","NIFTY","NSE","NIFTY2590924450PE","2025-09-09","24450","PE","BUY","CARRYFORWARD","75","4","300","2025-09-08","12:41:46","3.9","2025-09-08","15:02:23","4.9","Final Exit","300.0","-12900.0","-12900","-4.03","65295.9","0.1","Loss","OK"
"32","68be81b21b1326ae39d17af6","Zen Credit Spread Overnight","Bull Put Spread","NIFTY","NSE","NIFTY2590924850PE","2025-09-09","24850","PE","SELL","CARRYFORWARD","75","4","300","2025-09-08","12:41:46","41.4","2025-09-08","15:02:23","85.4","Final Exit","-13200.0","-12900.0","-12900","-4.03","65295.9","0.1","Loss","OK"
"33","68bfb1121b1326ae39d1839e","Zen Credit Spread Overnight","Bear Call Spread","NIFTY","NSE","NIFTY2590925250CE","2025-09-09","25250","CE","BUY","CARRYFORWARD","75","3","225","2025-09-09","10:16:10","1.3","2025-09-10","00:00:05","0.05","Final Exit","-281.25","2576.25","2576.25","0.81","103546.2","0.57","Profit","OK"
"33","68bfb1121b1326ae39d1839e","Zen Credit Spread Overnight","Bear Call Spread","NIFTY","NSE","NIFTY2590924850CE","2025-09-09","24850","CE","SELL","CARRYFORWARD","75","3","225","2025-09-09","10:16:10","31.25","2025-09-10","00:00:05","18.55","Final Exit","2857.50","2576.25","2576.25","0.81","103546.2","0.57","Profit","OK"
"34","68c1063b1b1326ae39d18de2","Zen Credit Spread Overnight","Bull Put Spread","NIFTY","NSE","NIFTY2591625050PE","2025-09-16","25050","PE","SELL","CARRYFORWARD","75","4","300","2025-09-10","10:31:47","114.6","2025-09-11","15:00:32","91.8","Final Exit","6840.0","4035.00","4035","1.26","68003.63","1.19","Profit","OK"
"34","68c1063b1b1326ae39d18de2","Zen Credit Spread Overnight","Bull Put Spread","NIFTY","NSE","NIFTY2591624650PE","2025-09-16","24650","PE","BUY","CARRYFORWARD","75","4","300","2025-09-10","10:31:47","21.45","2025-09-11","15:00:32","12.1","Final Exit","-2805.00","4035.00","4035","1.26","68003.63","1.19","Profit","OK"
"35","68c3a687fb9fb30f467d874b","Zen Credit Spread Overnight","Bear Call Spread","NIFTY","NSE","NIFTY2591625050CE","2025-09-16","25050","CE","SELL","CARRYFORWARD","75","4","300","2025-09-12","10:20:15","106.6","2025-09-15","15:00:37","81.75","Final Exit","7455.00","6825.00","6825","2.13","65009.78","3.19","Profit","OK"
"35","68c3a687fb9fb30f467d874b","Zen Credit Spread Overnight","Bear Call Spread","NIFTY","NSE","NIFTY2591625450CE","2025-09-16","25450","CE","BUY","CARRYFORWARD","75","4","300","2025-09-12","10:20:15","4.3","2025-09-15","15:00:37","2.2","Final Exit","-630.0","6825.00","6825","2.13","65009.78","3.19","Profit","OK"
"36","68c8f247fb9fb30f467da540","Zen Credit Spread Overnight","Bear Call Spread","NIFTY","NSE","NIFTY2591625550CE","2025-09-16","25550","CE","BUY","CARRYFORWARD","75","3","225","2025-09-16","10:44:47","0.7","2025-09-17","00:00:03","0.05","Final Exit","-146.25","-8505.00","-8505","-2.66","103930.65","0.55","Loss","OK"
"36","68c8f247fb9fb30f467da540","Zen Credit Spread Overnight","Bear Call Spread","NIFTY","NSE","NIFTY2591625150CE","2025-09-16","25150","CE","SELL","CARRYFORWARD","75","3","225","2025-09-16","10:44:47","51.9","2025-09-17","00:00:03","89.05","Final Exit","-8358.75","-8505.00","-8505","-2.66","103930.65","0.55","Loss","OK"
"37","68ca3d18f2b10531550a3bdb","Zen Credit Spread Overnight","Bear Call Spread","NIFTY","NSE","NIFTY2592325700CE","2025-09-23","25700","CE","BUY","CARRYFORWARD","75","4","300","2025-09-17","10:16:16","14.3","2025-09-18","09:15:01","21.15","Final Exit","2055.00","-17805.00","-17805","-5.56","67111.13","0.96","Loss","OK"
"37","68ca3d18f2b10531550a3bdb","Zen Credit Spread Overnight","Bear Call Spread","NIFTY","NSE","NIFTY2592325300CE","2025-09-23","25300","CE","SELL","CARRYFORWARD","75","4","300","2025-09-17","10:16:16","140","2025-09-18","09:15:01","206.2","Final Exit","-19860.0","-17805.00","-17805","-5.56","67111.13","0.96","Loss","OK"
"38","68cb8e9af2b10531550a4315","Zen Credit Spread Overnight","Bear Call Spread","NIFTY","NSE","NIFTY2592325800CE","2025-09-23","25800","CE","BUY","CARRYFORWARD","75","4","300","2025-09-18","10:16:18","7.3","2025-09-19","15:00:28","3","Final Exit","-1290.0","18120.00","18120","5.66","65965.88","1.2","Profit","OK"
"38","68cb8e9af2b10531550a4315","Zen Credit Spread Overnight","Bear Call Spread","NIFTY","NSE","NIFTY2592325400CE","2025-09-23","25400","CE","SELL","CARRYFORWARD","75","4","300","2025-09-18","10:16:18","120.25","2025-09-19","15:00:28","55.55","Final Exit","19410.00","18120.00","18120","5.66","65965.88","1.2","Profit","OK"
"39","68d0d54611973983097d8ee0","Zen Credit Spread Overnight","Bear Call Spread","NIFTY","NSE","NIFTY2592325700CE","2025-09-23","25700","CE","BUY","CARRYFORWARD","75","4","300","2025-09-22","10:19:10","2","2025-09-23","15:00:42","0.05","Final Exit","-585.00","22815.00","22815","7.13","67043.85","1.2","Profit","OK"
"39","68d0d54611973983097d8ee0","Zen Credit Spread Overnight","Bear Call Spread","NIFTY","NSE","NIFTY2592325300CE","2025-09-23","25300","CE","SELL","CARRYFORWARD","75","4","300","2025-09-22","10:19:10","78.3","2025-09-23","15:00:42","0.3","Final Exit","23400.0","22815.00","22815","7.13","67043.85","1.2","Profit","OK"
"40","68d37ec02bc6bbc934837fb8","Zen Credit Spread Overnight","Bear Call Spread","NIFTY","NSE","NIFTY25SEP25500CE","2025-09-30","25500","CE","BUY","CARRYFORWARD","75","4","300","2025-09-24","10:46:48","14.15","2025-09-25","15:00:28","7.75","Final Exit","-1920.00","20025.00","20025","6.26","70032.75","1.18","Profit","OK"
"40","68d37ec02bc6bbc934837fb8","Zen Credit Spread Overnight","Bear Call Spread","NIFTY","NSE","NIFTY25SEP25100CE","2025-09-30","25100","CE","SELL","CARRYFORWARD","75","4","300","2025-09-24","10:46:48","123.35","2025-09-25","15:00:28","50.2","Final Exit","21945.00","20025.00","20025","6.26","70032.75","1.18","Profit","OK"
"41","68d61cd37d6e72b1bceab2e3","Zen Credit Spread Overnight","Bull Put Spread","NIFTY","NSE","NIFTY25SEP24800PE","2025-09-30","24800","PE","SELL","CARRYFORWARD","75","5","375","2025-09-26","10:25:47","64.75","2025-09-26","13:50:04","115.85","Final Exit","-19162.50","-18075.00","-18075","-5.65","62686.35","0.14","Loss","OK"
"41","68d61cd37d6e72b1bceab2e3","Zen Credit Spread Overnight","Bull Put Spread","NIFTY","NSE","NIFTY25SEP24400PE","2025-09-30","24400","PE","BUY","CARRYFORWARD","75","5","375","2025-09-26","10:25:47","7","2025-09-26","13:50:04","9.9","Final Exit","1087.5","-18075.00","-18075","-5.65","62686.35","0.14","Loss","OK"
"42","68d64d237d6e72b1bceab5e3","Zen Credit Spread Overnight","Bear Call Spread","NIFTY","NSE","NIFTY25SEP25100CE","2025-09-30","25100","CE","BUY","CARRYFORWARD","75","4","300","2025-09-26","13:51:55","10.9","2025-09-29","15:00:43","8.5","Final Exit","-720.0","3840.00","3840","1.2","71005.58","3.05","Profit","OK"
"42","68d64d237d6e72b1bceab5e3","Zen Credit Spread Overnight","Bear Call Spread","NIFTY","NSE","NIFTY25SEP24700CE","2025-09-30","24700","CE","SELL","CARRYFORWARD","75","4","300","2025-09-26","13:51:55","100.55","2025-09-29","15:00:43","85.35","Final Exit","4560.00","3840.00","3840","1.2","71005.58","3.05","Profit","OK"
"43","68db63887d6e72b1bceaedfa","Zen Credit Spread Overnight","Bear Call Spread","NIFTY","NSE","NIFTY25SEP25050CE","2025-09-30","25050","CE","BUY","CARRYFORWARD","75","3","225","2025-09-30","10:28:48","2.5","2025-09-30","15:00:32","0.3","Final Exit","-495.0","7335.0","7335","2.29","104307.6","0.19","Profit","OK"
"43","68db63887d6e72b1bceaedfa","Zen Credit Spread Overnight","Bear Call Spread","NIFTY","NSE","NIFTY25SEP24650CE","2025-09-30","24650","CE","SELL","CARRYFORWARD","75","3","225","2025-09-30","10:28:48","37.6","2025-09-30","15:00:32","2.8","Final Exit","7830.0","7335.0","7335","2.29","104307.6","0.19","Profit","OK"
"44","68dcb63453ae45e792f8d846","Zen Credit Spread Overnight","Bull Put Spread","NIFTY","NSE","NIFTY25O0724700PE","2025-10-07","24700","PE","SELL","CARRYFORWARD","75","4","300","2025-10-01","10:33:48","100.2","2025-10-03","15:00:32","19.35","Final Exit","24255.00","20685.00","20685","6.46","64673.48","2.19","Profit","OK"
"44","68dcb63453ae45e792f8d846","Zen Credit Spread Overnight","Bull Put Spread","NIFTY","NSE","NIFTY25O0724300PE","2025-10-07","24300","PE","BUY","CARRYFORWARD","75","4","300","2025-10-01","10:33:48","16.25","2025-10-03","15:00:32","4.35","Final Exit","-3570.00","20685.00","20685","6.46","64673.48","2.19","Profit","OK"
"45","68e34a302d138ae1387c42a6","Zen Credit Spread Overnight","Bull Put Spread","NIFTY","NSE","NIFTY25O0724950PE","2025-10-07","24950","PE","SELL","CARRYFORWARD","75","4","300","2025-10-06","10:18:48","80.6","2025-10-07","15:00:48","0.25","Final Exit","24105.00","21870.00","21870","6.83","64349.93","1.2","Profit","OK"
"45","68e34a302d138ae1387c42a6","Zen Credit Spread Overnight","Bull Put Spread","NIFTY","NSE","NIFTY25O0724550PE","2025-10-07","24550","PE","BUY","CARRYFORWARD","75","4","300","2025-10-06","10:18:48","7.6","2025-10-07","15:00:48","0.15","Final Exit","-2235.00","21870.00","21870","6.83","64349.93","1.2","Profit","OK"
"46","68e5ec99d86c1aa8478cbb75","Zen Credit Spread Overnight","Bear Call Spread","NIFTY","NSE","NIFTY25O1425150CE","2025-10-14","25150","CE","SELL","CARRYFORWARD","75","4","300","2025-10-08","10:16:17","118.55","2025-10-09","15:00:43","120.05","Final Exit","-450.00","-1770.00","-1770","-0.55","66563.02","1.2","Loss","OK"
"46","68e5ec99d86c1aa8478cbb75","Zen Credit Spread Overnight","Bear Call Spread","NIFTY","NSE","NIFTY25O1425550CE","2025-10-14","25550","CE","BUY","CARRYFORWARD","75","4","300","2025-10-08","10:16:17","11.5","2025-10-09","15:00:43","7.1","Final Exit","-1320.0","-1770.00","-1770","-0.55","66563.02","1.2","Loss","OK"
"47","68e88fcfd86c1aa8478cda5e","Zen Credit Spread Overnight","Bull Put Spread","NIFTY","NSE","NIFTY25O1424850PE","2025-10-14","24850","PE","BUY","CARRYFORWARD","75","4","300","2025-10-10","10:17:11","7.05","2025-10-13","09:17:11","11.1","Final Exit","1215.00","-12795.00","-12795","-4","64387.35","2.96","Loss","OK"
"47","68e88fcfd86c1aa8478cda5e","Zen Credit Spread Overnight","Bull Put Spread","NIFTY","NSE","NIFTY25O1425250PE","2025-10-14","25250","PE","SELL","CARRYFORWARD","75","4","300","2025-10-10","10:17:11","55.85","2025-10-13","09:17:11","102.55","Final Exit","-14010.00","-12795.00","-12795","-4","64387.35","2.96","Loss","OK"
"48","68ec85624260e50bce763575","Zen Credit Spread Overnight","Bear Call Spread","NIFTY","NSE","NIFTY25O1425200CE","2025-10-14","25200","CE","SELL","CARRYFORWARD","75","4","300","2025-10-13","10:21:46","66.75","2025-10-14","09:15:15","109.75","Final Exit","-12900.00","-12975.00","-12975","-4.05","69618.38","0.95","Loss","OK"
"48","68ec85624260e50bce763575","Zen Credit Spread Overnight","Bear Call Spread","NIFTY","NSE","NIFTY25O1425600CE","2025-10-14","25600","CE","BUY","CARRYFORWARD","75","4","300","2025-10-13","10:21:46","2.55","2025-10-14","09:15:15","2.3","Final Exit","-75.00","-12975.00","-12975","-4.05","69618.38","0.95","Loss","OK"
"49","68edd6444260e50bce764fe3","Zen Credit Spread Overnight","Bear Call Spread","NIFTY","NSE","NIFTY25O1425200CE","2025-10-14","25200","CE","SELL","CARRYFORWARD","75","3","225","2025-10-14","10:19:08","52.55","2025-10-14","15:00:48","0.85","Final Exit","11632.50","11148.75","11148.75","3.48","104856.45","0.2","Profit","OK"
"49","68edd6444260e50bce764fe3","Zen Credit Spread Overnight","Bear Call Spread","NIFTY","NSE","NIFTY25O1425600CE","2025-10-14","25600","CE","BUY","CARRYFORWARD","75","3","225","2025-10-14","10:19:08","2.2","2025-10-14","15:00:48","0.05","Final Exit","-483.75","11148.75","11148.75","3.48","104856.45","0.2","Profit","OK"
"50","68ef29cb4260e50bce766075","Zen Credit Spread Overnight","Bull Put Spread","NIFTY","NSE","NIFTY25O2025300PE","2025-10-20","25300","PE","SELL","CARRYFORWARD","75","4","300","2025-10-15","10:27:47","90.75","2025-10-16","15:00:02","22","Final Exit","20625.00","18270.00","18270","5.71","67642.27","1.19","Profit","OK"
"50","68ef29cb4260e50bce766075","Zen Credit Spread Overnight","Bull Put Spread","NIFTY","NSE","NIFTY25O2024900PE","2025-10-20","24900","PE","BUY","CARRYFORWARD","75","4","300","2025-10-15","10:27:47","16.25","2025-10-16","15:00:02","8.4","Final Exit","-2355.00","18270.00","18270","5.71","67642.27","1.19","Profit","OK"
"51","68f1cb28755403b4c6689407","Zen Credit Spread Overnight","Bear Call Spread","NIFTY","NSE","NIFTY25O2026100CE","2025-10-20","26100","CE","BUY","CARRYFORWARD","75","4","300","2025-10-17","10:20:48","4.65","2025-10-17","11:00:59","8.9","Final Exit","1275.00","-13950.00","-13950","-4.36","65426.85","0.03","Loss","OK"
"51","68f1cb28755403b4c6689407","Zen Credit Spread Overnight","Bear Call Spread","NIFTY","NSE","NIFTY25O2025700CE","2025-10-20","25700","CE","SELL","CARRYFORWARD","75","4","300","2025-10-17","10:20:48","90.05","2025-10-17","11:00:59","140.8","Final Exit","-15225.00","-13950.00","-13950","-4.36","65426.85","0.03","Loss","OK"
"52","68f1d4c3755403b4c6689546","Zen Credit Spread Overnight","Bull Put Spread","NIFTY","NSE","NIFTY25O2025750PE","2025-10-20","25750","PE","SELL","CARRYFORWARD","75","4","300","2025-10-17","11:01:47","81.7","2025-10-17","13:04:36","130.3","Final Exit","-14580.0","-13425.00","-13425","-4.2","67099.8","0.09","Loss","OK"
"52","68f1d4c3755403b4c6689546","Zen Credit Spread Overnight","Bull Put Spread","NIFTY","NSE","NIFTY25O2025350PE","2025-10-20","25350","PE","BUY","CARRYFORWARD","75","4","300","2025-10-17","11:01:47","12.45","2025-10-17","13:04:36","16.3","Final Exit","1155.00","-13425.00","-13425","-4.2","67099.8","0.09","Loss","OK"
"53","68f5be99755403b4c668a905","Zen Credit Spread Overnight","Bull Put Spread","NIFTY","NSE","NIFTY25O2025850PE","2025-10-20","25850","PE","SELL","CARRYFORWARD","75","3","225","2025-10-20","10:16:17","55.05","2025-10-20","15:00:43","25","Final Exit","6761.25","6300.00","6300","1.97","106024.35","0.2","Profit","OK"
"53","68f5be99755403b4c668a905","Zen Credit Spread Overnight","Bull Put Spread","NIFTY","NSE","NIFTY25O2025450PE","2025-10-20","25450","PE","BUY","CARRYFORWARD","75","3","225","2025-10-20","10:16:17","2.25","2025-10-20","15:00:43","0.2","Final Exit","-461.25","6300.00","6300","1.97","106024.35","0.2","Profit","OK"
"54","68f9ba3edd2674a2e0de78ee","Zen Credit Spread Overnight","Bear Call Spread","NIFTY","NSE","NIFTY25OCT26450CE","2025-10-28","26450","CE","BUY","CARRYFORWARD","75","4","300","2025-10-23","10:46:46","22.2","2025-10-24","15:00:17","5","Final Exit","-5160.0","39150.00","39150","12.23","68872.65","1.18","Profit","OK"
"54","68f9ba3edd2674a2e0de78ee","Zen Credit Spread Overnight","Bear Call Spread","NIFTY","NSE","NIFTY25OCT26050CE","2025-10-28","26050","CE","SELL","CARRYFORWARD","75","4","300","2025-10-23","10:46:46","168.85","2025-10-24","15:00:17","21.15","Final Exit","44310.00","39150.00","39150","12.23","68872.65","1.18","Profit","OK"
"55","68fefe22b1812b04b55d6866","Zen Credit Spread Overnight","Bear Call Spread","NIFTY","NSE","NIFTY25OCT26350CE","2025-10-28","26350","CE","BUY","CARRYFORWARD","75","4","300","2025-10-27","10:37:46","7.5","2025-10-28","15:00:48","0.2","Final Exit","-2190.0","35055.00","35055","10.95","68557.5","1.18","Profit","OK"
"55","68fefe22b1812b04b55d6866","Zen Credit Spread Overnight","Bear Call Spread","NIFTY","NSE","NIFTY25OCT25950CE","2025-10-28","25950","CE","SELL","CARRYFORWARD","75","4","300","2025-10-27","10:37:46","125.35","2025-10-28","15:00:48","1.2","Final Exit","37245.00","35055.00","35055","10.95","68557.5","1.18","Profit","OK"
"56","69019e90b1812b04b55d884d","Zen Credit Spread Overnight","Bull Put Spread","NIFTY","NSE","NIFTY25N0426000PE","2025-11-04","26000","PE","SELL","CARRYFORWARD","75","4","300","2025-10-29","10:26:48","109.65","2025-10-30","09:42:56","163.3","Final Exit","-16095.00","-13635.00","-13635","-4.26","68996.33","0.97","Loss","OK"
"56","69019e90b1812b04b55d884d","Zen Credit Spread Overnight","Bull Put Spread","NIFTY","NSE","NIFTY25N0425600PE","2025-11-04","25600","PE","BUY","CARRYFORWARD","75","4","300","2025-10-29","10:26:48","23.8","2025-10-30","09:42:56","32","Final Exit","2460.0","-13635.00","-13635","-4.26","68996.33","0.97","Loss","OK"
"57","6902ed98b1812b04b55d9567","Zen Credit Spread Overnight","Bull Put Spread","NIFTY","NSE","NIFTY25N0425550PE","2025-11-04","25550","PE","BUY","CARRYFORWARD","75","4","300","2025-10-30","10:16:16","22.75","2025-10-31","10:32:00","19.75","Final Exit","-900.00","-14880.00","-14880","-4.65","67462.35","1.01","Loss","OK"
"57","6902ed98b1812b04b55d9567","Zen Credit Spread Overnight","Bull Put Spread","NIFTY","NSE","NIFTY25N0425950PE","2025-11-04","25950","PE","SELL","CARRYFORWARD","75","4","300","2025-10-30","10:16:16","119.4","2025-10-31","10:32:00","166","Final Exit","-13980.0","-14880.00","-14880","-4.65","67462.35","1.01","Loss","OK"
"58","690442f8b1812b04b55da6df","Zen Credit Spread Overnight","Bear Call Spread","NIFTY","NSE","NIFTY25N0426250CE","2025-11-04","26250","CE","BUY","CARRYFORWARD","75","4","300","2025-10-31","10:32:48","13.7","2025-11-03","15:00:33","2.95","Final Exit","-3225.00","18450.00","18450","5.77","69484.27","3.19","Profit","OK"
"58","690442f8b1812b04b55da6df","Zen Credit Spread Overnight","Bear Call Spread","NIFTY","NSE","NIFTY25N0425850CE","2025-11-04","25850","CE","SELL","CARRYFORWARD","75","4","300","2025-10-31","10:32:48","110","2025-11-03","15:00:33","37.75","Final Exit","21675.00","18450.00","18450","5.77","69484.27","3.19","Profit","OK"
"59","6909851968214c22a8b830b7","Zen Credit Spread Overnight","Bear Call Spread","NIFTY","NSE","NIFTY25N0426100CE","2025-11-04","26100","CE","BUY","CARRYFORWARD","75","2","150","2025-11-04","10:16:17","2.05","2025-11-04","15:00:53","0.45","Final Exit","-240.00","5737.50","5737.5","1.79","107203.5","0.2","Profit","OK"
"59","6909851968214c22a8b830b7","Zen Credit Spread Overnight","Bear Call Spread","NIFTY","NSE","NIFTY25N0425700CE","2025-11-04","25700","CE","SELL","CARRYFORWARD","75","2","150","2025-11-04","10:16:17","40.6","2025-11-04","15:00:53","0.75","Final Exit","5977.50","5737.50","5737.5","1.79","107203.5","0.2","Profit","OK"
"60","690c2f3e68214c22a8b84f55","Zen Credit Spread Overnight","Bull Put Spread","NIFTY","NSE","NIFTY25N1125150PE","2025-11-11","25150","PE","BUY","CARRYFORWARD","75","4","300","2025-11-06","10:46:46","17.3","2025-11-07","09:15:03","19.05","Final Exit","525.00","-15735.00","-15735","-4.92","67244.02","0.94","Loss","OK"
"60","690c2f3e68214c22a8b84f55","Zen Credit Spread Overnight","Bull Put Spread","NIFTY","NSE","NIFTY25N1125550PE","2025-11-11","25550","PE","SELL","CARRYFORWARD","75","4","300","2025-11-06","10:46:46","110","2025-11-07","09:15:03","164.2","Final Exit","-16260.0","-15735.00","-15735","-4.92","67244.02","0.94","Loss","OK"
"61","690d799b68214c22a8b86395","Zen Credit Spread Overnight","Bull Put Spread","NIFTY","NSE","NIFTY25N1125350PE","2025-11-11","25350","PE","SELL","CARRYFORWARD","75","4","300","2025-11-07","10:16:19","83.75","2025-11-10","15:00:38","6.5","Final Exit","23175.00","21135.00","21135","6.6","65178.38","3.2","Profit","OK"
"61","690d799b68214c22a8b86395","Zen Credit Spread Overnight","Bull Put Spread","NIFTY","NSE","NIFTY25N1124950PE","2025-11-11","24950","PE","BUY","CARRYFORWARD","75","4","300","2025-11-07","10:16:19","8.7","2025-11-10","15:00:38","1.9","Final Exit","-2040.0","21135.00","21135","6.6","65178.38","3.2","Profit","OK"
"62","6912bf9ce6b0fd98ac6e06a7","Zen Credit Spread Overnight","Bear Call Spread","NIFTY","NSE","NIFTY25N1125900CE","2025-11-11","25900","CE","BUY","CARRYFORWARD","75","2","150","2025-11-11","10:16:20","1.45","2025-11-11","12:32:30","0.55","Final Exit","-135.00","-7387.50","-7387.5","-2.31","107983.35","0.09","Loss","OK"
"62","6912bf9ce6b0fd98ac6e06a7","Zen Credit Spread Overnight","Bear Call Spread","NIFTY","NSE","NIFTY25N1125500CE","2025-11-11","25500","CE","SELL","CARRYFORWARD","75","2","150","2025-11-11","10:16:20","55.45","2025-11-11","12:32:30","103.8","Final Exit","-7252.50","-7387.50","-7387.5","-2.31","107983.35","0.09","Loss","OK"
"63","6912df97e6b0fd98ac6e0a23","Zen Credit Spread Overnight","Bull Put Spread","NIFTY","NSE","NIFTY25N1125200PE","2025-11-11","25200","PE","BUY","CARRYFORWARD","75","3","225","2025-11-11","12:32:47","1","2025-11-11","15:00:32","0.1","Final Exit","-202.5","8628.75","8628.75","2.7","104079.9","0.1","Profit","OK"
"63","6912df97e6b0fd98ac6e0a23","Zen Credit Spread Overnight","Bull Put Spread","NIFTY","NSE","NIFTY25N1125600PE","2025-11-11","25600","PE","SELL","CARRYFORWARD","75","3","225","2025-11-11","12:32:47","39.65","2025-11-11","15:00:32","0.4","Final Exit","8831.25","8628.75","8628.75","2.7","104079.9","0.1","Profit","OK"
"64","691412db1fd9ccdb59b2fcea","Zen Credit Spread Overnight","Bear Call Spread","NIFTY","NSE","NIFTY25N1825850CE","2025-11-18","25850","CE","SELL","CARRYFORWARD","75","4","300","2025-11-12","10:23:47","156.25","2025-11-13","11:03:34","216.7","Final Exit","-18135.00","-14385.00","-14385","-4.5","69706.8","1.03","Loss","OK"
"64","691412db1fd9ccdb59b2fcea","Zen Credit Spread Overnight","Bear Call Spread","NIFTY","NSE","NIFTY25N1826250CE","2025-11-18","26250","CE","BUY","CARRYFORWARD","75","4","300","2025-11-12","10:23:47","23.05","2025-11-13","11:03:34","35.55","Final Exit","3750.00","-14385.00","-14385","-4.5","69706.8","1.03","Loss","OK"
"65","69156e3fad09be05d0b66760","Zen Credit Spread Overnight","Bull Put Spread","NIFTY","NSE","NIFTY25N1825950PE","2025-11-18","25950","PE","SELL","CARRYFORWARD","75","4","300","2025-11-13","11:05:59","93.45","2025-11-13","14:12:26","155.35","Final Exit","-18570.00","-14100.00","-14100","-4.41","67078.88","0.13","Loss","OK"
"65","69156e3fad09be05d0b66760","Zen Credit Spread Overnight","Bull Put Spread","NIFTY","NSE","NIFTY25N1825550PE","2025-11-18","25550","PE","BUY","CARRYFORWARD","75","4","300","2025-11-13","11:05:59","21","2025-11-13","14:12:26","35.9","Final Exit","4470.0","-14100.00","-14100","-4.41","67078.88","0.13","Loss","OK"
"66","6916b4ecad09be05d0b67b45","Zen Credit Spread Overnight","Bull Put Spread","NIFTY","NSE","NIFTY25N1825800PE","2025-11-18","25800","PE","SELL","CARRYFORWARD","75","4","300","2025-11-14","10:19:48","111.45","2025-11-17","15:00:17","12.7","Final Exit","29625.00","24765.00","24765","7.74","67840.27","3.19","Profit","OK"
"66","6916b4ecad09be05d0b67b45","Zen Credit Spread Overnight","Bull Put Spread","NIFTY","NSE","NIFTY25N1825400PE","2025-11-18","25400","PE","BUY","CARRYFORWARD","75","4","300","2025-11-14","10:19:48","18.85","2025-11-17","15:00:17","2.65","Final Exit","-4860.00","24765.00","24765","7.74","67840.27","3.19","Profit","OK"
"67","691bfb63f610770541da41ae","Zen Credit Spread Overnight","Bull Put Spread","NIFTY","NSE","NIFTY25N1825500PE","2025-11-18","25500","PE","BUY","CARRYFORWARD","75","2","150","2025-11-18","10:21:47","1.25","2025-11-18","13:14:44","0.65","Final Exit","-90.00","4672.50","4672.5","1.46","107175.9","0.12","Profit","OK"
"67","691bfb63f610770541da41ae","Zen Credit Spread Overnight","Bull Put Spread","NIFTY","NSE","NIFTY25N1825900PE","2025-11-18","25900","PE","SELL","CARRYFORWARD","75","2","150","2025-11-18","10:21:47","41.9","2025-11-18","13:14:44","10.15","Final Exit","4762.50","4672.50","4672.5","1.46","107175.9","0.12","Profit","OK"
"68","691d4bf4f610770541da5487","Zen Credit Spread Overnight","Bull Put Spread","NIFTY","NSE","NIFTY25NOV25550PE","2025-11-25","25550","PE","BUY","CARRYFORWARD","75","4","300","2025-11-19","10:17:48","24.95","2025-11-20","15:00:23","8.35","Final Exit","-4980.00","20460.00","20460","6.39","68953.65","1.2","Profit","OK"
"68","691d4bf4f610770541da5487","Zen Credit Spread Overnight","Bull Put Spread","NIFTY","NSE","NIFTY25NOV25950PE","2025-11-25","25950","PE","SELL","CARRYFORWARD","75","4","300","2025-11-19","10:17:48","121.5","2025-11-20","15:00:23","36.7","Final Exit","25440.0","20460.00","20460","6.39","68953.65","1.2","Profit","OK"
"69","691fef0a3a50fbd7d073dbe2","Zen Credit Spread Overnight","Bear Call Spread","NIFTY","NSE","NIFTY25NOV26100CE","2025-11-25","26100","CE","SELL","CARRYFORWARD","75","4","300","2025-11-21","10:18:10","106.25","2025-11-21","12:51:02","159","Final Exit","-15825.00","-14595.00","-14595","-4.56","69969.23","0.11","Loss","OK"
"69","691fef0a3a50fbd7d073dbe2","Zen Credit Spread Overnight","Bear Call Spread","NIFTY","NSE","NIFTY25NOV26500CE","2025-11-25","26500","CE","BUY","CARRYFORWARD","75","4","300","2025-11-21","10:18:10","10.05","2025-11-21","12:51:02","14.15","Final Exit","1230.00","-14595.00","-14595","-4.56","69969.23","0.11","Loss","OK"
"70","69201347e9be3d0a7809d168","Zen Credit Spread Overnight","Bull Put Spread","NIFTY","NSE","NIFTY25NOV25750PE","2025-11-25","25750","PE","BUY","CARRYFORWARD","75","4","300","2025-11-21","12:52:47","10.1","2025-11-21","14:55:05","17.35","Final Exit","2175.00","-13500.00","-13500","-4.22","67140.68","0.08","Loss","OK"
"70","69201347e9be3d0a7809d168","Zen Credit Spread Overnight","Bull Put Spread","NIFTY","NSE","NIFTY25NOV26150PE","2025-11-25","26150","PE","SELL","CARRYFORWARD","75","4","300","2025-11-21","12:52:47","84.9","2025-11-21","14:55:05","137.15","Final Exit","-15675.00","-13500.00","-13500","-4.22","67140.68","0.08","Loss","OK"
"71","6923e3ebe9be3d0a780a315d","Zen Credit Spread Overnight","Bear Call Spread","NIFTY","NSE","NIFTY25NOV26100CE","2025-11-25","26100","CE","SELL","CARRYFORWARD","75","4","300","2025-11-24","10:19:47","98.9","2025-11-25","10:07:51","17.25","Final Exit","24495.00","23925.00","23925","7.48","69293.77","0.99","Profit","OK"
"71","6923e3ebe9be3d0a780a315d","Zen Credit Spread Overnight","Bear Call Spread","NIFTY","NSE","NIFTY25NOV26500CE","2025-11-25","26500","CE","BUY","CARRYFORWARD","75","4","300","2025-11-24","10:19:47","3","2025-11-25","10:07:51","1.1","Final Exit","-570.0","23925.00","23925","7.48","69293.77","0.99","Profit","OK"
"72","69268e2f6cd4d8091f55282b","Zen Credit Spread Overnight","Bull Put Spread","NIFTY","NSE","NIFTY25D0226100PE","2025-12-02","26100","PE","SELL","CARRYFORWARD","75","4","300","2025-11-26","10:50:47","103.75","2025-11-27","15:00:28","64.4","Final Exit","11805.00","8055.00","8055","2.52","69980.1","1.17","Profit","OK"
"72","69268e2f6cd4d8091f55282b","Zen Credit Spread Overnight","Bull Put Spread","NIFTY","NSE","NIFTY25D0225700PE","2025-12-02","25700","PE","BUY","CARRYFORWARD","75","4","300","2025-11-26","10:50:47","20.9","2025-11-27","15:00:28","8.4","Final Exit","-3750.0","8055.00","8055","2.52","69980.1","1.17","Profit","OK"
"73","6929291a6cd4d8091f555b8f","Zen Credit Spread Overnight","Bear Call Spread","NIFTY","NSE","NIFTY25D0226250CE","2025-12-02","26250","CE","SELL","CARRYFORWARD","75","4","300","2025-11-28","10:16:18","101.3","2025-12-01","15:00:48","30.1","Final Exit","21360.0","20265.00","20265","6.33","67517.93","3.2","Profit","OK"
"73","6929291a6cd4d8091f555b8f","Zen Credit Spread Overnight","Bear Call Spread","NIFTY","NSE","NIFTY25D0226650CE","2025-12-02","26650","CE","BUY","CARRYFORWARD","75","4","300","2025-11-28","10:16:18","5.55","2025-12-01","15:00:48","1.9","Final Exit","-1095.00","20265.00","20265","6.33","67517.93","3.2","Profit","OK"
"74","692e6f176cd4d8091f55ae1a","Zen Credit Spread Overnight","Bear Call Spread","NIFTY","NSE","NIFTY25D0226050CE","2025-12-02","26050","CE","SELL","CARRYFORWARD","75","2","150","2025-12-02","10:16:15","57.75","2025-12-02","15:00:32","1.3","Final Exit","8467.50","8205.00","8205","2.56","108353.7","0.2","Profit","OK"
"74","692e6f176cd4d8091f55ae1a","Zen Credit Spread Overnight","Bear Call Spread","NIFTY","NSE","NIFTY25D0226450CE","2025-12-02","26450","CE","BUY","CARRYFORWARD","75","2","150","2025-12-02","10:16:15","1.95","2025-12-02","15:00:32","0.2","Final Exit","-262.50","8205.00","8205","2.56","108353.7","0.2","Profit","OK"
"75","692fc2776cd4d8091f55c5d1","Zen Credit Spread Overnight","Bull Put Spread","NIFTY","NSE","NIFTY25D0925550PE","2025-12-09","25550","PE","BUY","CARRYFORWARD","75","4","300","2025-12-03","10:24:15","22.1","2025-12-04","15:00:28","6.05","Final Exit","-4815.00","17100.00","17100","5.34","67053.68","1.19","Profit","OK"
"75","692fc2776cd4d8091f55c5d1","Zen Credit Spread Overnight","Bull Put Spread","NIFTY","NSE","NIFTY25D0925950PE","2025-12-09","25950","PE","SELL","CARRYFORWARD","75","4","300","2025-12-03","10:24:15","126.3","2025-12-04","15:00:28","53.25","Final Exit","21915.00","17100.00","17100","5.34","67053.68","1.19","Profit","OK"
"76","693263ce3ec89053f6a1306f","Zen Credit Spread Overnight","Bull Put Spread","NIFTY","NSE","NIFTY25D0925700PE","2025-12-09","25700","PE","BUY","CARRYFORWARD","75","4","300","2025-12-05","10:17:10","5.85","2025-12-05","10:30:18","8.95","Final Exit","930.00","-13305.00","-13305","-4.16","66438.6","0.01","Loss","OK"
"76","693263ce3ec89053f6a1306f","Zen Credit Spread Overnight","Bull Put Spread","NIFTY","NSE","NIFTY25D0926100PE","2025-12-09","26100","PE","SELL","CARRYFORWARD","75","4","300","2025-12-05","10:17:10","68.35","2025-12-05","10:30:18","115.8","Final Exit","-14235.00","-13305.00","-13305","-4.16","66438.6","0.01","Loss","OK"
"77","693267003ec89053f6a131db","Zen Credit Spread Overnight","Bear Call Spread","NIFTY","NSE","NIFTY25D0926450CE","2025-12-09","26450","CE","BUY","CARRYFORWARD","75","4","300","2025-12-05","10:30:48","6.05","2025-12-05","10:49:04","8.2","Final Exit","645.00","-13965.00","-13965","-4.36","67685.85","0.01","Loss","OK"
"77","693267003ec89053f6a131db","Zen Credit Spread Overnight","Bear Call Spread","NIFTY","NSE","NIFTY25D0926050CE","2025-12-09","26050","CE","SELL","CARRYFORWARD","75","4","300","2025-12-05","10:30:48","98.3","2025-12-05","10:49:04","147","Final Exit","-14610.0","-13965.00","-13965","-4.36","67685.85","0.01","Loss","OK"
"78","6936584283487f64539f4d0f","Zen Credit Spread Overnight","Bull Put Spread","NIFTY","NSE","NIFTY25D0925700PE","2025-12-09","25700","PE","BUY","CARRYFORWARD","75","4","300","2025-12-08","10:16:58","2.5","2025-12-08","13:20:45","3.25","Final Exit","225.00","-13770.00","-13770","-4.3","67169.93","0.13","Loss","OK"
"78","6936584283487f64539f4d0f","Zen Credit Spread Overnight","Bull Put Spread","NIFTY","NSE","NIFTY25D0926100PE","2025-12-09","26100","PE","SELL","CARRYFORWARD","75","4","300","2025-12-08","10:16:58","60.45","2025-12-08","13:20:45","107.1","Final Exit","-13995.00","-13770.00","-13770","-4.3","67169.93","0.13","Loss","OK"
"79","693683cf83487f64539f53b8","Zen Credit Spread Overnight","Bear Call Spread","NIFTY","NSE","NIFTY25D0926400CE","2025-12-09","26400","CE","BUY","CARRYFORWARD","75","4","300","2025-12-08","13:22:47","3.25","2025-12-09","15:00:21","0.1","Final Exit","-945.00","21525.00","21525","6.73","70359.23","1.07","Profit","OK"
"79","693683cf83487f64539f53b8","Zen Credit Spread Overnight","Bear Call Spread","NIFTY","NSE","NIFTY25D0926000CE","2025-12-09","26000","CE","SELL","CARRYFORWARD","75","4","300","2025-12-08","13:22:47","75.25","2025-12-09","15:00:21","0.35","Final Exit","22470.00","21525.00","21525","6.73","70359.23","1.07","Profit","OK"
"80","6938fc7883487f64539f9574","Zen Credit Spread Overnight","Bull Put Spread","NIFTY","NSE","NIFTY25D1625950PE","2025-12-16","25950","PE","SELL","CARRYFORWARD","75","5","375","2025-12-10","10:22:08","112.65","2025-12-10","10:55:57","165.35","Final Exit","-19762.50","-15243.75","-15243.75","-4.76","59870.25","0.02","Loss","OK"
"80","6938fc7883487f64539f9574","Zen Credit Spread Overnight","Bull Put Spread","NIFTY","NSE","NIFTY25D1625550PE","2025-12-16","25550","PE","BUY","CARRYFORWARD","75","5","375","2025-12-10","10:22:08","18","2025-12-10","10:55:57","30.05","Final Exit","4518.75","-15243.75","-15243.75","-4.76","59870.25","0.02","Loss","OK"
"81","693904d583487f64539f9711","Zen Credit Spread Overnight","Bear Call Spread","NIFTY","NSE","NIFTY25D1625850CE","2025-12-16","25850","CE","SELL","CARRYFORWARD","75","5","375","2025-12-10","10:57:49","149.15","2025-12-11","15:00:32","148.45","Final Exit","262.50","-2756.25","-2756.25","-0.86","58153.5","1.17","Loss","OK"
"81","693904d583487f64539f9711","Zen Credit Spread Overnight","Bear Call Spread","NIFTY","NSE","NIFTY25D1626250CE","2025-12-16","26250","CE","BUY","CARRYFORWARD","75","5","375","2025-12-10","10:57:49","21.8","2025-12-11","15:00:32","13.75","Final Exit","-3018.75","-2756.25","-2756.25","-0.86","58153.5","1.17","Loss","OK"
"82","693b9e1883487f64539fb630","Zen Credit Spread Overnight","Bull Put Spread","NIFTY","NSE","NIFTY25D1626000PE","2025-12-16","26000","PE","SELL","CARRYFORWARD","75","4","300","2025-12-12","10:16:16","77.25","2025-12-15","09:28:13","120.15","Final Exit","-12870.00","-13275.00","-13275","-4.15","67077.15","2.97","Loss","OK"
"82","693b9e1883487f64539fb630","Zen Credit Spread Overnight","Bull Put Spread","NIFTY","NSE","NIFTY25D1625600PE","2025-12-16","25600","PE","BUY","CARRYFORWARD","75","4","300","2025-12-12","10:16:16","8","2025-12-15","09:28:13","6.65","Final Exit","-405.00","-13275.00","-13275","-4.15","67077.15","2.97","Loss","OK"
"83","693f92ce83487f64539fd4aa","Zen Credit Spread Overnight","Bull Put Spread","NIFTY","NSE","NIFTY25D1625550PE","2025-12-16","25550","PE","BUY","CARRYFORWARD","75","4","300","2025-12-15","10:17:10","3.4","2025-12-16","15:00:52","0.1","Final Exit","-990.0","-285.00","-285","-0.09","67085.33","1.2","Loss","OK"
"83","693f92ce83487f64539fd4aa","Zen Credit Spread Overnight","Bull Put Spread","NIFTY","NSE","NIFTY25D1625950PE","2025-12-16","25950","PE","SELL","CARRYFORWARD","75","4","300","2025-12-15","10:17:10","67.25","2025-12-16","15:00:52","64.9","Final Exit","705.00","-285.00","-285","-0.09","67085.33","1.2","Loss","OK"
"84","694240bb83487f6453a025a1","Zen Credit Spread Overnight","Bull Put Spread","NIFTY","NSE","NIFTY25D2325400PE","2025-12-23","25400","PE","BUY","CARRYFORWARD","75","4","300","2025-12-17","11:03:47","14.25","2025-12-18","15:00:33","7.65","Final Exit","-1980.00","1800.00","1800","0.56","66428.02","1.16","Profit","OK"
"84","694240bb83487f6453a025a1","Zen Credit Spread Overnight","Bull Put Spread","NIFTY","NSE","NIFTY25D2325800PE","2025-12-23","25800","PE","SELL","CARRYFORWARD","75","4","300","2025-12-17","11:03:47","95.9","2025-12-18","15:00:33","83.3","Final Exit","3780.0","1800.00","1800","0.56","66428.02","1.16","Profit","OK"
"85","6944d982076ef414bed1c160","Zen Credit Spread Overnight","Bull Put Spread","NIFTY","NSE","NIFTY25D2325550PE","2025-12-23","25550","PE","BUY","CARRYFORWARD","75","4","300","2025-12-19","10:20:10","7.7","2025-12-22","15:00:17","2.65","Final Exit","-1515.00","21480.00","21480","6.71","67710.83","3.19","Profit","OK"
"85","6944d982076ef414bed1c160","Zen Credit Spread Overnight","Bull Put Spread","NIFTY","NSE","NIFTY25D2325950PE","2025-12-23","25950","PE","SELL","CARRYFORWARD","75","4","300","2025-12-19","10:20:10","84.7","2025-12-22","15:00:17","8.05","Final Exit","22995.00","21480.00","21480","6.71","67710.83","3.19","Profit","OK"
"86","694a1f2e48f16efc3e995961","Zen Credit Spread Overnight","Bear Call Spread","NIFTY","NSE","NIFTY25D2326600CE","2025-12-23","26600","CE","BUY","CARRYFORWARD","75","3","225","2025-12-23","10:18:46","0.65","2025-12-23","15:00:52","0.05","Final Exit","-135.00","4477.50","4477.5","1.4","106248.6","0.2","Profit","OK"
"86","694a1f2e48f16efc3e995961","Zen Credit Spread Overnight","Bear Call Spread","NIFTY","NSE","NIFTY25D2326200CE","2025-12-23","26200","CE","SELL","CARRYFORWARD","75","3","225","2025-12-23","10:18:46","25.1","2025-12-23","15:00:52","4.6","Final Exit","4612.5","4477.50","4477.5","1.4","106248.6","0.2","Profit","OK"
"87","694b70180e0d371b151e406d","Zen Credit Spread Overnight","Bull Put Spread","NIFTY","NSE","NIFTY25DEC26250PE","2025-12-30","26250","PE","SELL","CARRYFORWARD","75","4","300","2025-12-24","10:16:16","90.75","2025-12-24","14:26:33","137.7","Final Exit","-14085.00","-13995.00","-13995","-4.37","67163.93","0.17","Loss","OK"
"87","694b70180e0d371b151e406d","Zen Credit Spread Overnight","Bull Put Spread","NIFTY","NSE","NIFTY25DEC25850PE","2025-12-30","25850","PE","BUY","CARRYFORWARD","75","4","300","2025-12-24","10:16:16","11.5","2025-12-24","14:26:33","11.8","Final Exit","90.0","-13995.00","-13995","-4.37","67163.93","0.17","Loss","OK"
"88","694e14bc0e0d371b151e6159","Zen Credit Spread Overnight","Bear Call Spread","NIFTY","NSE","NIFTY25DEC26500CE","2025-12-30","26500","CE","BUY","CARRYFORWARD","75","4","300","2025-12-26","10:23:16","3.15","2025-12-29","15:00:37","1.9","Final Exit","-375.00","17145.00","17145","5.36","67384.65","3.19","Profit","OK"
"88","694e14bc0e0d371b151e6159","Zen Credit Spread Overnight","Bear Call Spread","NIFTY","NSE","NIFTY25DEC26100CE","2025-12-30","26100","CE","SELL","CARRYFORWARD","75","4","300","2025-12-26","10:23:16","69.5","2025-12-29","15:00:37","11.1","Final Exit","17520.0","17145.00","17145","5.36","67384.65","3.19","Profit","OK"
"89","6953591b2489067f77278457","Zen Credit Spread Overnight","Bull Put Spread","NIFTY","NSE","NIFTY25DEC25550PE","2025-12-30","25550","PE","BUY","CARRYFORWARD","75","3","225","2025-12-30","10:16:19","0.9","2025-12-30","13:10:42","0.45","Final Exit","-101.25","-9236.25","-9236.25","-2.89","105696.6","0.12","Loss","OK"
"89","6953591b2489067f77278457","Zen Credit Spread Overnight","Bull Put Spread","NIFTY","NSE","NIFTY25DEC25950PE","2025-12-30","25950","PE","SELL","CARRYFORWARD","75","3","225","2025-12-30","10:16:19","35.85","2025-12-30","13:10:42","76.45","Final Exit","-9135.00","-9236.25","-9236.25","-2.89","105696.6","0.12","Loss","OK"
"90","6954aeee2489067f7727ae72","Zen Credit Spread Overnight","Bull Put Spread","NIFTY","NSE","NIFTY2610625650PE","2026-01-06","25650","PE","BUY","CARRYFORWARD","65","5","325","2025-12-31","10:34:46","9.2","2026-01-01","15:00:23","3.35","Final Exit","-1901.25","14283.75","14283.75","4.46","57571.09","1.18","Profit","OK"
"90","6954aeee2489067f7727ae72","Zen Credit Spread Overnight","Bull Put Spread","NIFTY","NSE","NIFTY2610626050PE","2026-01-06","26050","PE","SELL","CARRYFORWARD","65","5","325","2025-12-31","10:34:46","84.2","2026-01-01","15:00:23","34.4","Final Exit","16185.0","14283.75","14283.75","4.46","57571.09","1.18","Profit","OK"
"91","69574d9b280ea25c53b38022","Zen Credit Spread Overnight","Bull Put Spread","NIFTY","NSE","NIFTY2610626250PE","2026-01-06","26250","PE","SELL","CARRYFORWARD","65","5","325","2026-01-02","10:16:19","60.2","2026-01-05","15:00:17","49.15","Final Exit","3591.25","2486.25","2486.25","0.78","57658.71","3.2","Profit","OK"
"91","69574d9b280ea25c53b38022","Zen Credit Spread Overnight","Bull Put Spread","NIFTY","NSE","NIFTY2610625850PE","2026-01-06","25850","PE","BUY","CARRYFORWARD","65","5","325","2026-01-02","10:16:19","5.65","2026-01-05","15:00:17","2.25","Final Exit","-1105.00","2486.25","2486.25","0.78","57658.71","3.2","Profit","OK"
"92","695c955b7364b8df5e36d1dc","Zen Credit Spread Overnight","Bear Call Spread","NIFTY","NSE","NIFTY2610626650CE","2026-01-06","26650","CE","BUY","CARRYFORWARD","65","3","195","2026-01-06","10:23:47","0.6","2026-01-06","12:55:18","0.55","Final Exit","-9.75","4231.50","4231.5","1.32","91793.91","0.11","Profit","OK"
"92","695c955b7364b8df5e36d1dc","Zen Credit Spread Overnight","Bear Call Spread","NIFTY","NSE","NIFTY2610626250CE","2026-01-06","26250","CE","SELL","CARRYFORWARD","65","3","195","2026-01-06","10:23:47","26.45","2026-01-06","12:55:18","4.7","Final Exit","4241.25","4231.50","4231.5","1.32","91793.91","0.11","Profit","OK"
"93","695de51a12bfef2ea8474ef1","Zen Credit Spread Overnight","Bull Put Spread","NIFTY","NSE","NIFTY2611326150PE","2026-01-13","26150","PE","SELL","CARRYFORWARD","65","5","325","2026-01-07","10:16:18","78.45","2026-01-08","09:32:32","132.25","Final Exit","-17485.00","-16721.25","-16721.25","-5.23","57455.97","0.97","Loss","OK"
"93","695de51a12bfef2ea8474ef1","Zen Credit Spread Overnight","Bull Put Spread","NIFTY","NSE","NIFTY2611325750PE","2026-01-13","25750","PE","BUY","CARRYFORWARD","65","5","325","2026-01-07","10:16:18","9.3","2026-01-08","09:32:32","11.65","Final Exit","763.75","-16721.25","-16721.25","-5.23","57455.97","0.97","Loss","OK"
"94","695f36fb1389054766c9c44c","Zen Credit Spread Overnight","Bull Put Spread","NIFTY","NSE","NIFTY2611325650PE","2026-01-13","25650","PE","BUY","CARRYFORWARD","65","5","325","2026-01-08","10:17:55","6.45","2026-01-08","11:58:19","16.8","Final Exit","3363.75","-16526.25","-16526.25","-5.16","56738.31","0.07","Loss","OK"
"94","695f36fb1389054766c9c44c","Zen Credit Spread Overnight","Bull Put Spread","NIFTY","NSE","NIFTY2611326050PE","2026-01-13","26050","PE","SELL","CARRYFORWARD","65","5","325","2026-01-08","10:17:55","75.65","2026-01-08","11:58:19","136.85","Final Exit","-19890.00","-16526.25","-16526.25","-5.16","56738.31","0.07","Loss","OK"
"95","69608acc1389054766c9e32f","Zen Credit Spread Overnight","Bull Put Spread","NIFTY","NSE","NIFTY2611325450PE","2026-01-13","25450","PE","BUY","CARRYFORWARD","65","5","325","2026-01-09","10:27:48","7.85","2026-01-09","11:38:01","13.65","Final Exit","1885.00","-16233.75","-16233.75","-5.07","56497.48","0.05","Loss","OK"
"95","69608acc1389054766c9e32f","Zen Credit Spread Overnight","Bull Put Spread","NIFTY","NSE","NIFTY2611325850PE","2026-01-13","25850","PE","SELL","CARRYFORWARD","65","5","325","2026-01-09","10:27:48","60","2026-01-09","11:38:01","115.75","Final Exit","-18118.75","-16233.75","-16233.75","-5.07","56497.48","0.05","Loss","OK"
"96","69609be71389054766c9e67c","Zen Credit Spread Overnight","Bear Call Spread","NIFTY","NSE","NIFTY2611326150CE","2026-01-13","26150","CE","BUY","CARRYFORWARD","65","5","325","2026-01-09","11:40:47","9.95","2026-01-12","11:03:48","3.55","Final Exit","-2080.00","32370.00","32370","10.12","60437.72","2.97","Profit","OK"
"96","69609be71389054766c9e67c","Zen Credit Spread Overnight","Bear Call Spread","NIFTY","NSE","NIFTY2611325750CE","2026-01-13","25750","CE","SELL","CARRYFORWARD","65","5","325","2026-01-09","11:40:47","122.55","2026-01-12","11:03:48","16.55","Final Exit","34450.00","32370.00","32370","10.12","60437.72","2.97","Profit","OK"
"97","69648b021cdf139652c232e5","Zen Credit Spread Overnight","Bear Call Spread","NIFTY","NSE","NIFTY2611325950CE","2026-01-13","25950","CE","BUY","CARRYFORWARD","65","5","325","2026-01-12","11:17:46","4.6","2026-01-12","12:17:32","6.7","Final Exit","682.5","-15876.25","-15876.25","-4.96","60186.1","0.04","Loss","OK"
"97","69648b021cdf139652c232e5","Zen Credit Spread Overnight","Bear Call Spread","NIFTY","NSE","NIFTY2611325550CE","2026-01-13","25550","CE","SELL","CARRYFORWARD","65","5","325","2026-01-12","11:17:46","64.25","2026-01-12","12:17:32","115.2","Final Exit","-16558.75","-15876.25","-15876.25","-4.96","60186.1","0.04","Loss","OK"
"98","6964998a1cdf139652c23653","Zen Credit Spread Overnight","Bull Put Spread","NIFTY","NSE","NIFTY2611325600PE","2026-01-13","25600","PE","SELL","CARRYFORWARD","65","5","325","2026-01-12","12:19:46","72.65","2026-01-13","15:00:43","0.3","Final Exit","23513.75","21352.50","21352.5","6.67","58280.5","1.11","Profit","OK"
"98","6964998a1cdf139652c23653","Zen Credit Spread Overnight","Bull Put Spread","NIFTY","NSE","NIFTY2611325200PE","2026-01-13","25200","PE","BUY","CARRYFORWARD","65","5","325","2026-01-12","12:19:46","6.75","2026-01-13","15:00:43","0.1","Final Exit","-2161.25","21352.50","21352.5","6.67","58280.5","1.11","Profit","OK"
"99","69672196b7d76fce84bd58b2","Zen Credit Spread Overnight","Bear Call Spread","NIFTY","NSE","NIFTY2612026050CE","2026-01-20","26050","CE","BUY","CARRYFORWARD","65","5","325","2026-01-14","10:24:46","25.4","2026-01-14","11:49:37","40","Final Exit","4745.0","-18183.75","-18183.75","-5.68","60504.34","0.06","Loss","OK"
"99","69672196b7d76fce84bd58b2","Zen Credit Spread Overnight","Bear Call Spread","NIFTY","NSE","NIFTY2612025650CE","2026-01-20","25650","CE","SELL","CARRYFORWARD","65","5","325","2026-01-14","10:24:46","153.05","2026-01-14","11:49:37","223.6","Final Exit","-22928.75","-18183.75","-18183.75","-5.68","60504.34","0.06","Loss","OK"
"100","696739bab7d76fce84bd5c2b","Zen Credit Spread Overnight","Bear Call Spread","NIFTY","NSE","NIFTY2612025800CE","2026-01-20","25800","CE","SELL","CARRYFORWARD","65","5","325","2026-01-14","12:07:46","117.5","2026-01-16","15:00:38","70.9","Final Exit","15145.0","11618.75","11618.75","3.63","58784.57","2.12","Profit","OK"
"100","696739bab7d76fce84bd5c2b","Zen Credit Spread Overnight","Bear Call Spread","NIFTY","NSE","NIFTY2612026200CE","2026-01-20","26200","CE","BUY","CARRYFORWARD","65","5","325","2026-01-14","12:07:46","16.35","2026-01-16","15:00:38","5.5","Final Exit","-3526.25","11618.75","11618.75","3.63","58784.57","2.12","Profit","OK"
"101","69705aae5d9994d66981e5a1","Zen Credit Spread Overnight","Bull Put Spread","NIFTY","NSE","NIFTY26JAN24750PE","2026-01-27","24750","PE","BUY","CARRYFORWARD","65","5","325","2026-01-21","10:18:46","36.1","2026-01-21","10:45:15","62","Final Exit","8417.5","-17631.25","-17631.25","-5.51","59719.21","0.02","Loss","OK"
"101","69705aae5d9994d66981e5a1","Zen Credit Spread Overnight","Bull Put Spread","NIFTY","NSE","NIFTY26JAN25150PE","2026-01-27","25150","PE","SELL","CARRYFORWARD","65","5","325","2026-01-21","10:18:46","126.45","2026-01-21","10:45:15","206.6","Final Exit","-26048.75","-17631.25","-17631.25","-5.51","59719.21","0.02","Loss","OK"
"102","6970617a5d9994d66981e72f","Zen Credit Spread Overnight","Bear Call Spread","NIFTY","NSE","NIFTY26JAN25400CE","2026-01-27","25400","CE","BUY","CARRYFORWARD","65","5","325","2026-01-21","10:47:46","46.95","2026-01-21","12:18:55","73.05","Final Exit","8482.50","-19548.75","-19548.75","-6.11","62405.66","0.06","Loss","OK"
"102","6970617a5d9994d66981e72f","Zen Credit Spread Overnight","Bear Call Spread","NIFTY","NSE","NIFTY26JAN25000CE","2026-01-27","25000","CE","SELL","CARRYFORWARD","65","5","325","2026-01-21","10:47:46","199.45","2026-01-21","12:18:55","285.7","Final Exit","-28031.25","-19548.75","-19548.75","-6.11","62405.66","0.06","Loss","OK"
"103","6971abb62143586fd9a75c0c","Zen Credit Spread Overnight","Bull Put Spread","NIFTY","NSE","NIFTY26JAN25400PE","2026-01-27","25400","PE","SELL","CARRYFORWARD","65","5","325","2026-01-22","10:16:46","129.5","2026-01-22","10:32:12","198.1","Final Exit","-22295.0","-17452.5","-17452.5","-5.45","60654.23","0.01","Loss","OK"
"103","6971abb62143586fd9a75c0c","Zen Credit Spread Overnight","Bull Put Spread","NIFTY","NSE","NIFTY26JAN25000PE","2026-01-27","25000","PE","BUY","CARRYFORWARD","65","5","325","2026-01-22","10:16:46","33.2","2026-01-22","10:32:12","48.1","Final Exit","4842.5","-17452.5","-17452.5","-5.45","60654.23","0.01","Loss","OK"
"104","6971afee2143586fd9a75dd4","Zen Credit Spread Overnight","Bear Call Spread","NIFTY","NSE","NIFTY26JAN25650CE","2026-01-27","25650","CE","BUY","CARRYFORWARD","65","5","325","2026-01-22","10:34:46","32.7","2026-01-23","15:00:17","7.4","Final Exit","-8222.5","34433.75","34433.75","10.76","60456.5","1.18","Profit","OK"
"104","6971afee2143586fd9a75dd4","Zen Credit Spread Overnight","Bear Call Spread","NIFTY","NSE","NIFTY26JAN25250CE","2026-01-27","25250","CE","SELL","CARRYFORWARD","65","5","325","2026-01-22","10:34:46","184.8","2026-01-23","15:00:17","53.55","Final Exit","42656.25","34433.75","34433.75","10.76","60456.5","1.18","Profit","OK"
"105","6979bf224283bd05364639b0","Zen Credit Spread Overnight","Bull Put Spread","NIFTY","NSE","NIFTY2620325300PE","2026-02-03","25300","PE","SELL","CARRYFORWARD","65","5","325","2026-01-28","13:17:46","196.55","2026-01-29","15:00:33","121.7","Final Exit","24326.25","13422.50","13422.5","4.19","61973.28","1.07","Profit","OK"
"105","6979bf224283bd05364639b0","Zen Credit Spread Overnight","Bull Put Spread","NIFTY","NSE","NIFTY2620324900PE","2026-02-03","24900","PE","BUY","CARRYFORWARD","65","5","325","2026-01-28","13:17:46","74.4","2026-01-29","15:00:33","40.85","Final Exit","-10903.75","13422.50","13422.5","4.19","61973.28","1.07","Profit","OK"
"106","697c377aa123634609517417","Zen Credit Spread Overnight","Bull Put Spread","NIFTY","NSE","NIFTY2620324900PE","2026-02-03","24900","PE","BUY","CARRYFORWARD","65","5","325","2026-01-30","10:15:46","61.6","2026-01-30","15:08:32","59.55","Final Exit","-666.25","1040.00","1040","0.33","63069.18","0.2","Profit","OK"
"106","697c377aa123634609517417","Zen Credit Spread Overnight","Bull Put Spread","NIFTY","NSE","NIFTY2620325300PE","2026-02-03","25300","PE","SELL","CARRYFORWARD","65","5","325","2026-01-30","10:15:46","183.95","2026-01-30","15:08:32","178.7","Final Exit","1706.25","1040.00","1040","0.33","63069.18","0.2","Profit","OK"
"107","69802bfea1236346095188c4","Zen Credit Spread Overnight","Bull Put Spread","NIFTY","NSE","NIFTY2620324400PE","2026-02-03","24400","PE","BUY","CARRYFORWARD","65","5","325","2026-02-02","10:15:50","29.05","2026-02-03","15:00:31","0.15","Final Exit","-9392.50","33182.50","33182.5","10.37","62246.67","1.2","Profit","OK"
"107","69802bfea1236346095188c4","Zen Credit Spread Overnight","Bull Put Spread","NIFTY","NSE","NIFTY2620324800PE","2026-02-03","24800","PE","SELL","CARRYFORWARD","65","5","325","2026-02-02","10:15:50","131.2","2026-02-03","15:00:31","0.2","Final Exit","42575.0","33182.50","33182.5","10.37","62246.67","1.2","Profit","OK"
"108","6982d49ad78a141c75f55bad","Zen Credit Spread Overnight","Bear Call Spread","NIFTY","NSE","NIFTY2621026100CE","2026-02-10","26100","CE","BUY","CARRYFORWARD","65","5","325","2026-02-04","10:39:46","48.3","2026-02-05","15:00:34","20.75","Final Exit","-8953.75","14202.50","14202.5","4.44","62306.99","1.18","Profit","OK"
"108","6982d49ad78a141c75f55bad","Zen Credit Spread Overnight","Bear Call Spread","NIFTY","NSE","NIFTY2621025700CE","2026-02-10","25700","CE","SELL","CARRYFORWARD","65","5","325","2026-02-04","10:39:46","189.95","2026-02-05","15:00:34","118.7","Final Exit","23156.25","14202.50","14202.5","4.44","62306.99","1.18","Profit","OK"
"109","698572ae94e2fef7d1b71109","Zen Credit Spread Overnight","Bull Put Spread","NIFTY","NSE","NIFTY2621025100PE","2026-02-10","25100","PE","BUY","CARRYFORWARD","65","6","390","2026-02-06","10:18:46","13.8","2026-02-09","09:16:35","4.9","Final Exit","-3471.0","25525.50","25525.5","7.98","52638.11","2.96","Profit","OK"
"109","698572ae94e2fef7d1b71109","Zen Credit Spread Overnight","Bull Put Spread","NIFTY","NSE","NIFTY2621025500PE","2026-02-10","25500","PE","SELL","CARRYFORWARD","65","6","390","2026-02-06","10:18:46","87.3","2026-02-09","09:16:35","12.95","Final Exit","28996.50","25525.50","25525.5","7.98","52638.11","2.96","Profit","OK"
"110","698967a794e2fef7d1b722ec","Zen Credit Spread Overnight","Bull Put Spread","NIFTY","NSE","NIFTY2621025400PE","2026-02-10","25400","PE","BUY","CARRYFORWARD","65","5","325","2026-02-09","10:20:47","8.3","2026-02-10","09:16:37","2.45","Final Exit","-1901.25","13861.25","13861.25","4.33","56258.02","0.96","Profit","OK"
"110","698967a794e2fef7d1b722ec","Zen Credit Spread Overnight","Bull Put Spread","NIFTY","NSE","NIFTY2621025800PE","2026-02-10","25800","PE","SELL","CARRYFORWARD","65","5","325","2026-02-09","10:20:47","62.45","2026-02-10","09:16:37","13.95","Final Exit","15762.50","13861.25","13861.25","4.33","56258.02","0.96","Profit","OK"
"111","698c0a6ab6163b320cf6fea6","Zen Credit Spread Overnight","Bull Put Spread","NIFTY","NSE","NIFTY2621725550PE","2026-02-17","25550","PE","BUY","CARRYFORWARD","65","5","325","2026-02-11","10:19:46","23.55","2026-02-12","09:31:39","32.6","Final Exit","2941.25","-17273.75","-17273.75","-5.4","59086.95","0.97","Loss","OK"
"111","698c0a6ab6163b320cf6fea6","Zen Credit Spread Overnight","Bull Put Spread","NIFTY","NSE","NIFTY2621725950PE","2026-02-17","25950","PE","SELL","CARRYFORWARD","65","5","325","2026-02-11","10:19:46","109.4","2026-02-12","09:31:39","171.6","Final Exit","-20215.0","-17273.75","-17273.75","-5.4","59086.95","0.97","Loss","OK"
"112","698d5afa5413e4a8ac05f26d","Zen Credit Spread Overnight","Bull Put Spread","NIFTY","NSE","NIFTY2621725900PE","2026-02-17","25900","PE","SELL","CARRYFORWARD","65","5","325","2026-02-12","10:15:46","104.65","2026-02-12","14:48:09","166.35","Final Exit","-20052.50","-16916.25","-16916.25","-5.29","58174.29","0.19","Loss","OK"
"112","698d5afa5413e4a8ac05f26d","Zen Credit Spread Overnight","Bull Put Spread","NIFTY","NSE","NIFTY2621725500PE","2026-02-17","25500","PE","BUY","CARRYFORWARD","65","5","325","2026-02-12","10:15:46","18.9","2026-02-12","14:48:09","28.55","Final Exit","3136.25","-16916.25","-16916.25","-5.29","58174.29","0.19","Loss","OK"
"113","698ead2e5413e4a8ac0608d6","Zen Credit Spread Overnight","Bear Call Spread","NIFTY","NSE","NIFTY2621725900CE","2026-02-17","25900","CE","BUY","CARRYFORWARD","65","5","325","2026-02-13","10:18:46","20.15","2026-02-17","09:17:30","3.45","Final Exit","-5427.50","3705.00","3705","1.16","62778.69","3.96","Profit","OK"
"113","698ead2e5413e4a8ac0608d6","Zen Credit Spread Overnight","Bear Call Spread","NIFTY","NSE","NIFTY2621725500CE","2026-02-17","25500","CE","SELL","CARRYFORWARD","65","5","325","2026-02-13","10:18:46","144.4","2026-02-17","09:17:30","116.3","Final Exit","9132.5","3705.00","3705","1.16","62778.69","3.96","Profit","OK"
"114","69954e4a03160e880b5098dd","Zen Credit Spread Overnight","Bull Put Spread","NIFTY","NSE","NIFTY26FEB25700PE","2026-02-24","25700","PE","SELL","CARRYFORWARD","65","5","325","2026-02-18","10:59:46","126.85","2026-02-19","12:15:14","208.5","Final Exit","-26536.25","-17452.50","-17452.5","-5.45","59595.32","1.05","Loss","OK"
"114","69954e4a03160e880b5098dd","Zen Credit Spread Overnight","Bull Put Spread","NIFTY","NSE","NIFTY26FEB25300PE","2026-02-24","25300","PE","BUY","CARRYFORWARD","65","5","325","2026-02-18","10:59:46","29.4","2026-02-19","12:15:14","57.35","Final Exit","9083.75","-17452.50","-17452.5","-5.45","59595.32","1.05","Loss","OK"
"115","6996b21203160e880b50aeb4","Zen Credit Spread Overnight","Bear Call Spread","NIFTY","NSE","NIFTY26FEB26000CE","2026-02-24","26000","CE","BUY","CARRYFORWARD","65","5","325","2026-02-19","12:17:46","32.2","2026-02-20","15:00:06","23.15","Final Exit","-2941.25","-6565.00","-6565","-2.05","62401.82","1.11","Loss","OK"
"115","6996b21203160e880b50aeb4","Zen Credit Spread Overnight","Bear Call Spread","NIFTY","NSE","NIFTY26FEB25600CE","2026-02-24","25600","CE","SELL","CARRYFORWARD","65","5","325","2026-02-19","12:17:46","152.85","2026-02-20","15:00:06","164","Final Exit","-3623.75","-6565.00","-6565","-2.05","62401.82","1.11","Loss","OK"
"116","699bdca603160e880b50d702","Zen Credit Spread Overnight","Bull Put Spread","NIFTY","NSE","NIFTY26FEB25350PE","2026-02-24","25350","PE","BUY","CARRYFORWARD","65","5","325","2026-02-23","10:20:46","19.1","2026-02-23","11:49:29","25.65","Final Exit","2128.75","-17127.50","-17127.5","-5.35","59068.62","0.06","Loss","OK"
"116","699bdca603160e880b50d702","Zen Credit Spread Overnight","Bull Put Spread","NIFTY","NSE","NIFTY26FEB25750PE","2026-02-24","25750","PE","SELL","CARRYFORWARD","65","5","325","2026-02-23","10:20:46","108.45","2026-02-23","11:49:29","167.7","Final Exit","-19256.25","-17127.50","-17127.5","-5.35","59068.62","0.06","Loss","OK"
"117","699bf1fa03160e880b50d880","Zen Credit Spread Overnight","Bear Call Spread","NIFTY","NSE","NIFTY26FEB26050CE","2026-02-24","26050","CE","BUY","CARRYFORWARD","65","5","325","2026-02-23","11:51:46","7.5","2026-02-24","12:06:59","1.35","Final Exit","-1998.75","26845.00","26845","8.39","60698.3","1.01","Profit","OK"
"117","699bf1fa03160e880b50d880","Zen Credit Spread Overnight","Bear Call Spread","NIFTY","NSE","NIFTY26FEB25650CE","2026-02-24","25650","CE","SELL","CARRYFORWARD","65","5","325","2026-02-23","11:51:46","93","2026-02-24","12:06:59","4.25","Final Exit","28843.75","26845.00","26845","8.39","60698.3","1.01","Profit","OK"
"118","699e7f6ae4f9a667e62c05b9","Zen Credit Spread Overnight","Bull Put Spread","NIFTY","NSE","NIFTY2630225650PE","2026-03-02","25650","PE","SELL","CARRYFORWARD","65","5","325","2026-02-25","10:19:46","126.5","2026-02-25","12:36:32","206.4","Final Exit","-25967.5","-18687.50","-18687.5","-5.84","60297.19","0.09","Loss","OK"
"118","699e7f6ae4f9a667e62c05b9","Zen Credit Spread Overnight","Bull Put Spread","NIFTY","NSE","NIFTY2630225250PE","2026-03-02","25250","PE","BUY","CARRYFORWARD","65","5","325","2026-02-25","10:19:46","34.25","2026-02-25","12:36:32","56.65","Final Exit","7280.00","-18687.50","-18687.5","-5.84","60297.19","0.09","Loss","OK"
"119","699e9ffee4f9a667e62c08af","Zen Credit Spread Overnight","Bear Call Spread","NIFTY","NSE","NIFTY2630225500CE","2026-03-02","25500","CE","SELL","CARRYFORWARD","65","5","325","2026-02-25","12:38:46","171","2026-02-26","15:00:33","124.75","Final Exit","15031.25","10952.50","10952.5","3.42","61603.75","1.1","Profit","OK"
"119","699e9ffee4f9a667e62c08af","Zen Credit Spread Overnight","Bear Call Spread","NIFTY","NSE","NIFTY2630225900CE","2026-03-02","25900","CE","BUY","CARRYFORWARD","65","5","325","2026-02-25","12:38:46","29.15","2026-02-26","15:00:33","16.6","Final Exit","-4078.75","10952.50","10952.5","3.42","61603.75","1.1","Profit","OK"
"120","69a122a627dd143545815951","Zen Credit Spread Overnight","Bear Call Spread","NIFTY","NSE","NIFTY2630225700CE","2026-03-02","25700","CE","BUY","CARRYFORWARD","65","5","325","2026-02-27","10:20:46","14.15","2026-03-02","15:00:11","0.15","Final Exit","-4550.00","33523.75","33523.75","10.48","60563.75","3.19","Profit","OK"
"120","69a122a627dd143545815951","Zen Credit Spread Overnight","Bear Call Spread","NIFTY","NSE","NIFTY2630225300CE","2026-03-02","25300","CE","SELL","CARRYFORWARD","65","5","325","2026-02-27","10:20:46","117.45","2026-03-02","15:00:11","0.3","Final Exit","38073.75","33523.75","33523.75","10.48","60563.75","3.19","Profit","OK"
"121","69aa60aa2bedcbee611bf615","Zen Credit Spread Overnight","Bear Call Spread","NIFTY","NSE","NIFTY2631025050CE","2026-03-10","25050","CE","BUY","CARRYFORWARD","65","5","325","2026-03-06","10:35:46","52.25","2026-03-09","15:00:16","6.1","Final Exit","-14998.75","41827.50","41827.5","13.07","62728.58","3.18","Profit","OK"
"121","69aa60aa2bedcbee611bf615","Zen Credit Spread Overnight","Bear Call Spread","NIFTY","NSE","NIFTY2631024650CE","2026-03-10","24650","CE","SELL","CARRYFORWARD","65","5","325","2026-03-06","10:35:46","196.5","2026-03-09","15:00:16","21.65","Final Exit","56826.25","41827.50","41827.5","13.07","62728.58","3.18","Profit","OK"
"122","69afa2362bedcbee611c1e7b","Zen Credit Spread Overnight","Bull Put Spread","NIFTY","NSE","NIFTY2631024150PE","2026-03-10","24150","PE","SELL","CARRYFORWARD","65","3","195","2026-03-10","10:16:46","61.15","2026-03-10","14:05:23","8.65","Final Exit","10237.50","9330.75","9330.75","2.92","89444.55","0.16","Profit","OK"
"122","69afa2362bedcbee611c1e7b","Zen Credit Spread Overnight","Bull Put Spread","NIFTY","NSE","NIFTY2631023750PE","2026-03-10","23750","PE","BUY","CARRYFORWARD","65","3","195","2026-03-10","10:16:46","5.5","2026-03-10","14:05:23","0.85","Final Exit","-906.75","9330.75","9330.75","2.92","89444.55","0.16","Profit","OK"
"123","69b78afad7554d457eea5623","Zen Credit Spread Overnight","Bear Call Spread","NIFTY","NSE","NIFTY2631723150CE","2026-03-17","23150","CE","SELL","CARRYFORWARD","65","5","325","2026-03-16","10:15:46","178.5","2026-03-16","14:22:51","244.5","Final Exit","-21450.0","-16493.75","-16493.75","-5.15","62577.13","0.17","Loss","OK"
"123","69b78afad7554d457eea5623","Zen Credit Spread Overnight","Bear Call Spread","NIFTY","NSE","NIFTY2631723550CE","2026-03-17","23550","CE","BUY","CARRYFORWARD","65","5","325","2026-03-16","10:15:46","41.2","2026-03-16","14:22:51","56.45","Final Exit","4956.25","-16493.75","-16493.75","-5.15","62577.13","0.17","Loss","OK"
"124","69b8dda6d7554d457eea6f79","Zen Credit Spread Overnight","Bull Put Spread","NIFTY","NSE","NIFTY2631723550PE","2026-03-17","23550","PE","SELL","CARRYFORWARD","65","3","195","2026-03-17","10:20:46","73.95","2026-03-17","10:33:43","121.85","Final Exit","-9340.50","-8979.75","-8979.75","-2.81","88482.03","0.01","Loss","OK"
"124","69b8dda6d7554d457eea6f79","Zen Credit Spread Overnight","Bull Put Spread","NIFTY","NSE","NIFTY2631723150PE","2026-03-17","23150","PE","BUY","CARRYFORWARD","65","3","195","2026-03-17","10:20:46","4.7","2026-03-17","10:33:43","6.55","Final Exit","360.75","-8979.75","-8979.75","-2.81","88482.03","0.01","Loss","OK"
"125","69ba6497d7554d457eea8e67","Zen Credit Spread Overnight","Bear Call Spread","NIFTY","NSE","NIFTY2632424250CE","2026-03-24","24250","CE","BUY","CARRYFORWARD","65","5","325","2026-03-18","14:08:47","57.9","2026-03-19","15:00:01","11.2","Final Exit","-15177.5","40950.0","40950","12.8","62385.05","1.04","Profit","OK"
"125","69ba6497d7554d457eea8e67","Zen Credit Spread Overnight","Bear Call Spread","NIFTY","NSE","NIFTY2632423850CE","2026-03-24","23850","CE","SELL","CARRYFORWARD","65","5","325","2026-03-18","14:08:47","197.5","2026-03-19","15:00:01","24.8","Final Exit","56127.5","40950.0","40950","12.8","62385.05","1.04","Profit","OK"
"126","69c0faead7554d457eead0e3","Zen Credit Spread Overnight","Bull Put Spread","NIFTY","NSE","NIFTY2632422600PE","2026-03-24","22600","PE","SELL","CARRYFORWARD","65","5","325","2026-03-23","14:03:46","200","2026-03-24","09:16:34","37","Final Exit","52975","28470.0","28470","8.9","63761.62","0.8","Profit","OK"
"126","69c0faead7554d457eead0e3","Zen Credit Spread Overnight","Bull Put Spread","NIFTY","NSE","NIFTY2632422200PE","2026-03-24","22200","PE","BUY","CARRYFORWARD","65","5","325","2026-03-23","14:03:46","80.7","2026-03-24","09:16:34","5.3","Final Exit","-24505.0","28470.0","28470","8.9","63761.62","0.8","Profit","OK"
"127","69d33d4ad7ab0714a6cfe6eb","Zen Credit Spread Overnight","Bear Call Spread","NIFTY","NSE","NIFTY2640723050CE","2026-04-07","23050","CE","BUY","CARRYFORWARD","65","4","260","2026-04-06","10:27:46","55.75","2026-04-06","12:50:05","85.45","Final Exit","7722.00","-13624.00","-13624","-5.32","62161","0.1","Loss","OK"
"127","69d33d4ad7ab0714a6cfe6eb","Zen Credit Spread Overnight","Bear Call Spread","NIFTY","NSE","NIFTY2640722650CE","2026-04-07","22650","CE","SELL","CARRYFORWARD","65","4","260","2026-04-06","10:27:46","186.3","2026-04-06","12:50:05","268.4","Final Exit","-21346.0","-13624.00","-13624","-5.32","62161","0.1","Loss","OK"
"128","69d35f46d7ab0714a6cfec93","Zen Credit Spread Overnight","Bull Put Spread","NIFTY","NSE","NIFTY2640722750PE","2026-04-07","22750","PE","SELL","CARRYFORWARD","65","4","260","2026-04-06","12:52:46","189.6","2026-04-07","10:19:31","26.8","Final Exit","42328.0","26026.00","26026","10.17","61995.18","0.89","Profit","OK"
"128","69d35f46d7ab0714a6cfec93","Zen Credit Spread Overnight","Bull Put Spread","NIFTY","NSE","NIFTY2640722350PE","2026-04-07","22350","PE","BUY","CARRYFORWARD","65","4","260","2026-04-06","12:52:46","64.75","2026-04-07","10:19:31","2.05","Final Exit","-16302.00","26026.00","26026","10.17","61995.18","0.89","Profit","OK"
"129","69d5f3fa098c73d9233a5512","Zen Credit Spread Overnight","Bear Call Spread","NIFTY","NSE","NIFTY2641324400CE","2026-04-13","24400","CE","BUY","CARRYFORWARD","65","5","325","2026-04-08","11:51:46","58.3","2026-04-09","15:00:22","19.95","Final Exit","-12463.75","18167.50","18167.5","5.68","62556","1.13","Profit","OK"
"129","69d5f3fa098c73d9233a5512","Zen Credit Spread Overnight","Bear Call Spread","NIFTY","NSE","NIFTY2641324000CE","2026-04-13","24000","CE","SELL","CARRYFORWARD","65","5","325","2026-04-08","11:51:46","187.55","2026-04-09","15:00:22","93.3","Final Exit","30631.25","18167.50","18167.5","5.68","62556","1.13","Profit","OK"
"130","69d8807adc26739651de4c21","Zen Credit Spread Overnight","Bull Put Spread","NIFTY","NSE","NIFTY2641324000PE","2026-04-13","24000","PE","SELL","CARRYFORWARD","65","5","325","2026-04-10","10:15:46","151.75","2026-04-13","09:16:35","415.85","Final Exit","-85832.50","-65503.75","-65503.75","-20.47","58762.34","2.96","Loss","OK"
"130","69d8807adc26739651de4c21","Zen Credit Spread Overnight","Bull Put Spread","NIFTY","NSE","NIFTY2641323600PE","2026-04-13","23600","PE","BUY","CARRYFORWARD","65","5","325","2026-04-10","10:15:46","38.95","2026-04-13","09:16:35","101.5","Final Exit","20328.75","-65503.75","-65503.75","-20.47","58762.34","2.96","Loss","OK"
"131","69e069b6d567fc07521c90fd","Zen Credit Spread Overnight","Bear Call Spread","NIFTY","NSE","NIFTY2642124700CE","2026-04-21","24700","CE","BUY","CARRYFORWARD","65","5","325","2026-04-16","10:16:46","46.9","2026-04-17","15:00:22","37.3","Final Exit","-3120.0","-3818.75","-3818.75","-1.19","61184.89","1.2","Loss","OK"
"131","69e069b6d567fc07521c90fd","Zen Credit Spread Overnight","Bear Call Spread","NIFTY","NSE","NIFTY2642124300CE","2026-04-21","24300","CE","SELL","CARRYFORWARD","65","5","325","2026-04-16","10:16:46","190.75","2026-04-17","15:00:22","192.9","Final Exit","-698.75","-3818.75","-3818.75","-1.19","61184.89","1.2","Loss","OK"
"132","69e5b02ea1df28f50b7958ce","Zen Credit Spread Overnight","Bull Put Spread","NIFTY","NSE","NIFTY2642124000PE","2026-04-21","24000","PE","BUY","CARRYFORWARD","65","4","260","2026-04-20","10:18:46","31.4","2026-04-21","15:00:32","0.1","Final Exit","-8138.0","29848.0","29848","11.66","60126.89","1.2","Profit","OK"
"132","69e5b02ea1df28f50b7958ce","Zen Credit Spread Overnight","Bull Put Spread","NIFTY","NSE","NIFTY2642124400PE","2026-04-21","24400","PE","SELL","CARRYFORWARD","65","4","260","2026-04-20","10:18:46","146.4","2026-04-21","15:00:32","0.3","Final Exit","37986.0","29848.0","29848","11.66","60126.89","1.2","Profit","OK"
"133","69e8882638104e1c35698a01","Zen Credit Spread Overnight","Bear Call Spread","NIFTY","NSE","NIFTY26APR24450CE","2026-04-28","24450","CE","SELL","CARRYFORWARD","65","5","325","2026-04-22","14:04:46","194.05","2026-04-23","15:00:23","74.6","Final Exit","38821.25","25187.50","25187.5","7.87","62670.66","1.04","Profit","OK"
"133","69e8882638104e1c35698a01","Zen Credit Spread Overnight","Bear Call Spread","NIFTY","NSE","NIFTY26APR24850CE","2026-04-28","24850","CE","BUY","CARRYFORWARD","65","5","325","2026-04-22","14:04:46","58.7","2026-04-23","15:00:23","16.75","Final Exit","-13633.75","25187.50","25187.5","7.87","62670.66","1.04","Profit","OK"
"134","69eaf6e253cb1591c8cddca4","Zen Credit Spread Overnight","Bear Call Spread","NIFTY","NSE","NIFTY26APR24350CE","2026-04-28","24350","CE","BUY","CARRYFORWARD","65","5","325","2026-04-24","10:21:46","50.25","2026-04-27","09:50:34","31","Final Exit","-6256.25","-14072.50","-14072.5","-4.4","60571.68","2.98","Loss","OK"
"134","69eaf6e253cb1591c8cddca4","Zen Credit Spread Overnight","Bear Call Spread","NIFTY","NSE","NIFTY26APR23950CE","2026-04-28","23950","CE","SELL","CARRYFORWARD","65","5","325","2026-04-24","10:21:46","189.3","2026-04-27","09:50:34","213.35","Final Exit","-7816.25","-14072.50","-14072.5","-4.4","60571.68","2.98","Loss","OK"
"135","69eeea7353cb1591c8cdf363","Zen Credit Spread Overnight","Bull Put Spread","NIFTY","NSE","NIFTY26APR23700PE","2026-04-28","23700","PE","BUY","CARRYFORWARD","65","4","260","2026-04-27","10:17:47","12.9","2026-04-27","11:34:35","18.9","Final Exit","1560.0","-11609.00","-11609","-4.53","57858.65","0.05","Loss","OK"
"135","69eeea7353cb1591c8cdf363","Zen Credit Spread Overnight","Bull Put Spread","NIFTY","NSE","NIFTY26APR24100PE","2026-04-28","24100","PE","SELL","CARRYFORWARD","65","4","260","2026-04-27","10:17:47","102","2026-04-27","11:34:35","152.65","Final Exit","-13169.00","-11609.00","-11609","-4.53","57858.65","0.05","Loss","OK"
"136","69f03f7653cb1591c8ce0fc7","Zen Credit Spread Overnight","Bear Call Spread","NIFTY","NSE","NIFTY26APR24550CE","2026-04-28","24550","CE","BUY","CARRYFORWARD","65","3","195","2026-04-28","10:32:46","0.75","2026-04-28","11:33:10","0.9","Final Exit","29.25","6493.50","6493.5","2.03","89427.91","0.04","Profit","OK"
"136","69f03f7653cb1591c8ce0fc7","Zen Credit Spread Overnight","Bear Call Spread","NIFTY","NSE","NIFTY26APR24150CE","2026-04-28","24150","CE","SELL","CARRYFORWARD","65","3","195","2026-04-28","10:32:46","44.2","2026-04-28","11:33:10","11.05","Final Exit","6464.25","6493.50","6493.5","2.03","89427.91","0.04","Profit","OK"
"137","69f19e5253cb1591c8ce27a5","Zen Credit Spread Overnight","Bear Call Spread","NIFTY","NSE","NIFTY2650524300CE","2026-05-05","24300","CE","SELL","CARRYFORWARD","65","5","325","2026-04-29","11:29:46","197.6","2026-04-30","15:00:12","80.4","Final Exit","38090.0","26975.0","26975","8.43","60283.34","1.15","Profit","OK"
"137","69f19e5253cb1591c8ce27a5","Zen Credit Spread Overnight","Bear Call Spread","NIFTY","NSE","NIFTY2650524700CE","2026-05-05","24700","CE","BUY","CARRYFORWARD","65","5","325","2026-04-29","11:29:46","52.6","2026-04-30","15:00:12","18.4","Final Exit","-11115.0","26975.0","26975","8.43","60283.34","1.15","Profit","OK"
"138","69f8247bdfb0b27b4a0e768b","Zen Credit Spread Overnight","Bear Call Spread","NIFTY","NSE","NIFTY2650524600CE","2026-05-05","24600","CE","BUY","CARRYFORWARD","65","4","260","2026-05-04","10:15:47","18","2026-05-05","09:16:34","1.05","Final Exit","-4407.00","25363.00","25363","9.91","61318.08","0.96","Profit","OK"
"138","69f8247bdfb0b27b4a0e768b","Zen Credit Spread Overnight","Bear Call Spread","NIFTY","NSE","NIFTY2650524200CE","2026-05-05","24200","CE","SELL","CARRYFORWARD","65","4","260","2026-05-04","10:15:47","131.35","2026-05-05","09:16:34","16.85","Final Exit","29770.00","25363.00","25363","9.91","61318.08","0.96","Profit","OK"
"139","69fadc56242549916fe96eff","Zen Credit Spread Overnight","Bull Put Spread","NIFTY","NSE","NIFTY2651223700PE","2026-05-12","23700","PE","BUY","CARRYFORWARD","65","5","325","2026-05-06","11:44:46","51.5","2026-05-07","15:00:16","14.55","Final Exit","-12008.75","20588.75","20588.75","6.43","59650.96","1.14","Profit","OK"
"139","69fadc56242549916fe96eff","Zen Credit Spread Overnight","Bull Put Spread","NIFTY","NSE","NIFTY2651224100PE","2026-05-12","24100","PE","SELL","CARRYFORWARD","65","5","325","2026-05-06","11:44:46","170.8","2026-05-07","15:00:16","70.5","Final Exit","32597.5","20588.75","20588.75","6.43","59650.96","1.14","Profit","OK"
"140","69fd6b6a242549916fe98d89","Zen Credit Spread Overnight","Bull Put Spread","NIFTY","NSE","NIFTY2651223800PE","2026-05-12","23800","PE","BUY","CARRYFORWARD","65","5","325","2026-05-08","10:19:46","34.4","2026-05-11","09:16:36","65.7","Final Exit","10172.5","-35181.25","-35181.25","-10.99","58510.53","2.96","Loss","OK"
"140","69fd6b6a242549916fe98d89","Zen Credit Spread Overnight","Bull Put Spread","NIFTY","NSE","NIFTY2651224200PE","2026-05-12","24200","PE","SELL","CARRYFORWARD","65","5","325","2026-05-08","10:19:46","151.85","2026-05-11","09:16:36","291.4","Final Exit","-45353.75","-35181.25","-35181.25","-10.99","58510.53","2.96","Loss","OK"
"141","6a015faf242549916fe9a0f1","Zen Credit Spread Overnight","Bear Call Spread","NIFTY","NSE","NIFTY2651224300CE","2026-05-12","24300","CE","BUY","CARRYFORWARD","65","4","260","2026-05-11","10:18:47","14.95","2026-05-11","11:42:39","20.55","Final Exit","1456.00","-11102.00","-11102","-4.34","58874.92","0.06","Loss","OK"
"141","6a015faf242549916fe9a0f1","Zen Credit Spread Overnight","Bear Call Spread","NIFTY","NSE","NIFTY2651223900CE","2026-05-12","23900","CE","SELL","CARRYFORWARD","65","4","260","2026-05-11","10:18:47","105.5","2026-05-11","11:42:39","153.8","Final Exit","-12558.0","-11102.00","-11102","-4.34","58874.92","0.06","Loss","OK"
"142","6a02b0b6242549916fe9bea5","Zen Credit Spread Overnight","Bull Put Spread","NIFTY","NSE","NIFTY2651223250PE","2026-05-12","23250","PE","BUY","CARRYFORWARD","65","3","195","2026-05-12","10:16:46","1.15","2026-05-12","12:08:04","1.2","Final Exit","9.75","-8394.75","-8394.75","-2.62","87693.32","0.08","Loss","OK"
"142","6a02b0b6242549916fe9bea5","Zen Credit Spread Overnight","Bull Put Spread","NIFTY","NSE","NIFTY2651223650PE","2026-05-12","23650","PE","SELL","CARRYFORWARD","65","3","195","2026-05-12","10:16:46","52","2026-05-12","12:08:04","95.1","Final Exit","-8404.5","-8394.75","-8394.75","-2.62","87693.32","0.08","Loss","OK"
"143","6a041532242549916fe9d520","Zen Credit Spread Overnight","Bull Put Spread","NIFTY","NSE","NIFTY2651923400PE","2026-05-19","23400","PE","SELL","CARRYFORWARD","65","5","325","2026-05-13","11:37:46","191.3","2026-05-14","15:00:32","73.65","Final Exit","38236.25","20020.00","20020","6.26","61162.6","1.14","Profit","OK"
"143","6a041532242549916fe9d520","Zen Credit Spread Overnight","Bull Put Spread","NIFTY","NSE","NIFTY2651923000PE","2026-05-19","23000","PE","BUY","CARRYFORWARD","65","5","325","2026-05-13","11:37:46","78.95","2026-05-14","15:00:32","22.9","Final Exit","-18216.25","20020.00","20020","6.26","61162.6","1.14","Profit","OK"
"144","6a06a78ef4ebdeda5e56075d","Zen Credit Spread Overnight","Bull Put Spread","NIFTY","NSE","NIFTY2651923400PE","2026-05-19","23400","PE","BUY","CARRYFORWARD","65","5","325","2026-05-15","10:26:46","46.1","2026-05-15","11:17:25","65.9","Final Exit","6435.0","-13585.00","-13585","-4.25","59493.46","0.04","Loss","OK"
"144","6a06a78ef4ebdeda5e56075d","Zen Credit Spread Overnight","Bull Put Spread","NIFTY","NSE","NIFTY2651923800PE","2026-05-19","23800","PE","SELL","CARRYFORWARD","65","5","325","2026-05-15","10:26:46","160.45","2026-05-15","11:17:25","222.05","Final Exit","-20020.00","-13585.00","-13585","-4.25","59493.46","0.04","Loss","OK"
"145","6a06b616f4ebdeda5e560b31","Zen Credit Spread Overnight","Bear Call Spread","NIFTY","NSE","NIFTY2651924150CE","2026-05-19","24150","CE","BUY","CARRYFORWARD","65","5","325","2026-05-15","11:28:46","30.4","2026-05-18","15:00:17","4.65","Final Exit","-8368.75","22473.75","22473.75","7.02","58422.52","3.15","Profit","OK"
"145","6a06b616f4ebdeda5e560b31","Zen Credit Spread Overnight","Bear Call Spread","NIFTY","NSE","NIFTY2651923750CE","2026-05-19","23750","CE","SELL","CARRYFORWARD","65","5","325","2026-05-15","11:28:46","145.15","2026-05-18","15:00:17","50.25","Final Exit","30842.50","22473.75","22473.75","7.02","58422.52","3.15","Profit","OK"
"146","6a0beb363d7fa1213afe0853","Zen Credit Spread Overnight","Bull Put Spread","NIFTY","NSE","NIFTY2651923350PE","2026-05-19","23350","PE","BUY","CARRYFORWARD","65","3","195","2026-05-19","10:16:46","2.55","2026-05-19","14:44:03","0.25","Final Exit","-448.50","-8414.25","-8414.25","-2.63","88289.11","0.19","Loss","OK"
"146","6a0beb363d7fa1213afe0853","Zen Credit Spread Overnight","Bull Put Spread","NIFTY","NSE","NIFTY2651923750PE","2026-05-19","23750","PE","SELL","CARRYFORWARD","65","3","195","2026-05-19","10:16:46","59.55","2026-05-19","14:44:03","100.4","Final Exit","-7965.75","-8414.25","-8414.25","-2.63","88289.11","0.19","Loss","OK"
"147","6a0d43be3c04b13422aafca2","Zen Credit Spread Overnight","Bear Call Spread","NIFTY","NSE","NIFTY26MAY23950CE","2026-05-26","23950","CE","BUY","CARRYFORWARD","65","5","325","2026-05-20","10:46:46","62.2","2026-05-20","11:49:41","92.1","Final Exit","9717.5","-13666.25","-13666.25","-4.27","60617.7","0.04","Loss","OK"
"147","6a0d43be3c04b13422aafca2","Zen Credit Spread Overnight","Bear Call Spread","NIFTY","NSE","NIFTY26MAY23550CE","2026-05-26","23550","CE","SELL","CARRYFORWARD","65","5","325","2026-05-20","10:46:46","199.7","2026-05-20","11:49:41","271.65","Final Exit","-23383.75","-13666.25","-13666.25","-4.27","60617.7","0.04","Loss","OK"
"148","6a0d7262ce7644eb058e4f8e","Zen Credit Spread Overnight","Bull Put Spread","NIFTY","NSE","NIFTY26MAY23200PE","2026-05-26","23200","PE","BUY","CARRYFORWARD","65","5","325","2026-05-20","14:05:46","72.8","2026-05-21","15:00:33","34.25","Final Exit","-12528.75","6922.50","6922.5","2.16","61467.9","1.04","Profit","OK"
"148","6a0d7262ce7644eb058e4f8e","Zen Credit Spread Overnight","Bull Put Spread","NIFTY","NSE","NIFTY26MAY23600PE","2026-05-26","23600","PE","SELL","CARRYFORWARD","65","5","325","2026-05-20","14:05:46","200","2026-05-21","15:00:33","140.15","Final Exit","19451.25","6922.50","6922.5","2.16","61467.9","1.04","Profit","OK"
"149","6a0fe02eb01ff7075a0b29f5","Zen Credit Spread Overnight","Bear Call Spread","NIFTY","NSE","NIFTY26MAY23800CE","2026-05-26","23800","CE","SELL","CARRYFORWARD","65","5","325","2026-05-22","10:18:46","142.4","2026-05-25","09:16:35","219.3","Final Exit","-24992.5","-22603.75","-22603.75","-7.06","57209.56","2.96","Loss","OK"
"149","6a0fe02eb01ff7075a0b29f5","Zen Credit Spread Overnight","Bear Call Spread","NIFTY","NSE","NIFTY26MAY24200CE","2026-05-26","24200","CE","BUY","CARRYFORWARD","65","5","325","2026-05-22","10:18:46","23.45","2026-05-25","09:16:35","30.8","Final Exit","2388.75","-22603.75","-22603.75","-7.06","57209.56","2.96","Loss","OK"
"150","6a13d4aeb01ff7075a0b4015","Zen Credit Spread Overnight","Bull Put Spread","NIFTY","NSE","NIFTY26MAY23550PE","2026-05-26","23550","PE","BUY","CARRYFORWARD","65","4","260","2026-05-25","10:18:46","9.25","2026-05-26","10:34:24","1.35","Final Exit","-2054.00","16211.00","16211","6.33","57343.65","1.01","Profit","OK"
"150","6a13d4aeb01ff7075a0b4015","Zen Credit Spread Overnight","Bull Put Spread","NIFTY","NSE","NIFTY26MAY23950PE","2026-05-26","23950","PE","SELL","CARRYFORWARD","65","4","260","2026-05-25","10:18:46","81.7","2026-05-26","10:34:24","11.45","Final Exit","18265.00","16211.00","16211","6.33","57343.65","1.01","Profit","OK"
"151","6a1677ea5c8658c10b0fa294","Zen Credit Spread Overnight","Bull Put Spread","NIFTY","NSE","NIFTY2660223950PE","2026-06-02","23950","PE","SELL","CARRYFORWARD","65","5","325","2026-05-27","10:19:46","144.5","2026-05-29","13:09:40","191.65","Final Exit","-15323.75","-14186.25","-14186.25","-4.43","58453.27","2.12","Loss","OK"
"151","6a1677ea5c8658c10b0fa294","Zen Credit Spread Overnight","Bull Put Spread","NIFTY","NSE","NIFTY2660223550PE","2026-06-02","23550","PE","BUY","CARRYFORWARD","65","5","325","2026-05-27","10:19:46","32.95","2026-05-29","13:09:40","36.45","Final Exit","1137.50","-14186.25","-14186.25","-4.43","58453.27","2.12","Loss","OK"
"152","6a19433a5c8658c10b0fb972","Zen Credit Spread Overnight","Bear Call Spread","NIFTY","NSE","NIFTY2660224200CE","2026-06-02","24200","CE","BUY","CARRYFORWARD","65","5","325","2026-05-29","13:11:46","30.5","2026-06-01","14:10:47","3.4","Final Exit","-8807.5","41193.75","41193.75","12.87","59364.7","3.04","Profit","OK"
"152","6a19433a5c8658c10b0fb972","Zen Credit Spread Overnight","Bear Call Spread","NIFTY","NSE","NIFTY2660223800CE","2026-06-02","23800","CE","SELL","CARRYFORWARD","65","5","325","2026-05-29","13:11:46","167.65","2026-06-01","14:10:47","13.8","Final Exit","50001.25","41193.75","41193.75","12.87","59364.7","3.04","Profit","OK"
"153","6a1e60365c8658c10b0ff3d8","Zen Credit Spread Overnight","Bear Call Spread","NIFTY","NSE","NIFTY2660223300CE","2026-06-02","23300","CE","SELL","CARRYFORWARD","65","3","195","2026-06-02","10:16:46","35.7","2026-06-02","10:23:22","80.4","Final Exit","-8716.5","-8677.50","-8677.5","-2.71","88124.66","0","Loss","OK"
"153","6a1e60365c8658c10b0ff3d8","Zen Credit Spread Overnight","Bear Call Spread","NIFTY","NSE","NIFTY2660223700CE","2026-06-02","23700","CE","BUY","CARRYFORWARD","65","3","195","2026-06-02","10:16:46","1.15","2026-06-02","10:23:22","1.35","Final Exit","39.00","-8677.50","-8677.5","-2.71","88124.66","0","Loss","OK"
"154","6a1fc1a68d59ad92e1f21568","Zen Credit Spread Overnight","Bull Put Spread","NIFTY","NSE","NIFTY2660922850PE","2026-06-09","22850","PE","BUY","CARRYFORWARD","65","5","325","2026-06-03","11:24:46","62","2026-06-04","15:00:16","15.5","Final Exit","-15112.5","23741.25","23741.25","7.42","58086.54","1.15","Profit","OK"
"154","6a1fc1a68d59ad92e1f21568","Zen Credit Spread Overnight","Bull Put Spread","NIFTY","NSE","NIFTY2660923250PE","2026-06-09","23250","PE","SELL","CARRYFORWARD","65","5","325","2026-06-03","11:24:46","195.6","2026-06-04","15:00:16","76.05","Final Exit","38853.75","23741.25","23741.25","7.42","58086.54","1.15","Profit","OK"
"155","6a22547a8d59ad92e1f23c5e","Zen Credit Spread Overnight","Bear Call Spread","NIFTY","NSE","NIFTY2660923900CE","2026-06-09","23900","CE","BUY","CARRYFORWARD","65","5","325","2026-06-05","10:15:46","33.7","2026-06-08","15:00:22","2.6","Final Exit","-10107.5","37586.25","37586.25","11.75","58639.23","3.2","Profit","OK"
"155","6a22547a8d59ad92e1f23c5e","Zen Credit Spread Overnight","Bear Call Spread","NIFTY","NSE","NIFTY2660923500CE","2026-06-09","23500","CE","SELL","CARRYFORWARD","65","5","325","2026-06-05","10:15:46","159.35","2026-06-08","15:00:22","12.6","Final Exit","47693.75","37586.25","37586.25","11.75","58639.23","3.2","Profit","OK"
"156","6a279c5acf2a5761a1dac8d9","Zen Credit Spread Overnight","Bear Call Spread","NIFTY","NSE","NIFTY2660923550CE","2026-06-09","23550","CE","BUY","CARRYFORWARD","65","3","195","2026-06-09","10:23:46","1.7","2026-06-09","14:39:57","0.25","Final Exit","-282.75","-9418.50","-9418.5","-2.94","87058.4","0.18","Loss","OK"
"156","6a279c5acf2a5761a1dac8d9","Zen Credit Spread Overnight","Bear Call Spread","NIFTY","NSE","NIFTY2660923150CE","2026-06-09","23150","CE","SELL","CARRYFORWARD","65","3","195","2026-06-09","10:23:46","57.7","2026-06-09","14:39:57","104.55","Final Exit","-9135.75","-9418.50","-9418.5","-2.94","87058.4","0.18","Loss","OK"
"157","6a28ebfacf2a5761a1dadf7c","Zen Credit Spread Overnight","Bear Call Spread","NIFTY","NSE","NIFTY2661623750CE","2026-06-16","23750","CE","BUY","CARRYFORWARD","65","5","325","2026-06-10","10:15:46","42.7","2026-06-11","15:00:28","10.7","Final Exit","-10400.0","21710.00","21710","6.78","59426.71","1.2","Profit","OK"
"157","6a28ebfacf2a5761a1dadf7c","Zen Credit Spread Overnight","Bear Call Spread","NIFTY","NSE","NIFTY2661623350CE","2026-06-16","23350","CE","SELL","CARRYFORWARD","65","5","325","2026-06-10","10:15:46","172.75","2026-06-11","15:00:28","73.95","Final Exit","32110.00","21710.00","21710","6.78","59426.71","1.2","Profit","OK"
"158","6a2b90db2d0dc7e92cb0b453","Zen Credit Spread Overnight","Bull Put Spread","NIFTY","NSE","NIFTY2661623350PE","2026-06-16","23350","PE","SELL","CARRYFORWARD","65","5","325","2026-06-12","10:23:47","132.1","2026-06-15","09:16:41","6.85","Final Exit","40706.25","33247.50","33247.5","10.39","57989.23","2.95","Profit","OK"
"158","6a2b90db2d0dc7e92cb0b453","Zen Credit Spread Overnight","Bull Put Spread","NIFTY","NSE","NIFTY2661622950PE","2026-06-16","22950","PE","BUY","CARRYFORWARD","65","5","325","2026-06-12","10:23:47","26","2026-06-15","09:16:41","3.05","Final Exit","-7458.75","33247.50","33247.5","10.39","57989.23","2.95","Profit","OK"
"159","6a2f873a2d0dc7e92cb0dbdf","Zen Credit Spread Overnight","Bull Put Spread","NIFTY","NSE","NIFTY2661623550PE","2026-06-16","23550","PE","BUY","CARRYFORWARD","65","4","260","2026-06-15","10:31:46","9.5","2026-06-15","15:11:26","12.15","Final Exit","689.00","-12285.00","-12285","-4.8","56645.42","0.19","Loss","OK"
"159","6a2f873a2d0dc7e92cb0dbdf","Zen Credit Spread Overnight","Bull Put Spread","NIFTY","NSE","NIFTY2661623950PE","2026-06-16","23950","PE","SELL","CARRYFORWARD","65","4","260","2026-06-15","10:31:46","92.25","2026-06-15","15:11:26","142.15","Final Exit","-12974.00","-12285.00","-12285","-4.8","56645.42","0.19","Loss","OK"
"160","6a30d5729ccbf9488fe5d360","Zen Credit Spread Overnight","Bull Put Spread","NIFTY","NSE","NIFTY2661623500PE","2026-06-16","23500","PE","BUY","CARRYFORWARD","65","3","195","2026-06-16","10:17:46","1.1","2026-06-16","13:22:07","0.55","Final Exit","-107.25","4709.25","4709.25","1.47","87396.53","0.13","Profit","OK"
"160","6a30d5729ccbf9488fe5d360","Zen Credit Spread Overnight","Bull Put Spread","NIFTY","NSE","NIFTY2661623900PE","2026-06-16","23900","PE","SELL","CARRYFORWARD","65","3","195","2026-06-16","10:17:46","34.5","2026-06-16","13:22:07","9.8","Final Exit","4816.5","4709.25","4709.25","1.47","87396.53","0.13","Profit","OK"
"161","6a3378afc42d344122c82727","Zen Credit Spread Overnight","Bear Call Spread","NIFTY","NSE","NIFTY2662324550CE","2026-06-23","24550","CE","BUY","CARRYFORWARD","65","5","325","2026-06-18","10:18:47","13.8","2026-06-19","15:00:02","5.95","Final Exit","-2551.25","17940.00","17940","5.61","55981.58","1.2","Profit","OK"
"161","6a3378afc42d344122c82727","Zen Credit Spread Overnight","Bear Call Spread","NIFTY","NSE","NIFTY2662324150CE","2026-06-23","24150","CE","SELL","CARRYFORWARD","65","5","325","2026-06-18","10:18:47","99.65","2026-06-19","15:00:02","36.6","Final Exit","20491.25","17940.00","17940","5.61","55981.58","1.2","Profit","OK"
"162","6a38c2aaa91ba26dd5aa845a","Zen Credit Spread Overnight","Bear Call Spread","NIFTY","NSE","NIFTY2662324550CE","2026-06-23","24550","CE","BUY","CARRYFORWARD","65","4","260","2026-06-22","10:35:46","3.8","2026-06-23","15:00:01","0.2","Final Exit","-936.0","17316.0","17316","6.76","56701.84","1.18","Profit","OK"
"162","6a38c2aaa91ba26dd5aa845a","Zen Credit Spread Overnight","Bear Call Spread","NIFTY","NSE","NIFTY2662324150CE","2026-06-23","24150","CE","SELL","CARRYFORWARD","65","4","260","2026-06-22","10:35:46","70.6","2026-06-23","15:00:01","0.4","Final Exit","18252.0","17316.0","17316","6.76","56701.84","1.18","Profit","OK"
"163","6a3b638e4215b19e32d0ebae","Zen Credit Spread Overnight","Bull Put Spread","NIFTY","NSE","NIFTY26JUN23550PE","2026-06-30","23550","PE","BUY","CARRYFORWARD","65","5","325","2026-06-24","10:26:46","36.3","2026-06-25","15:00:02","8.55","Final Exit","-9018.75","23481.25","23481.25","7.34","58578.85","1.19","Profit","OK"
"163","6a3b638e4215b19e32d0ebae","Zen Credit Spread Overnight","Bull Put Spread","NIFTY","NSE","NIFTY26JUN23950PE","2026-06-30","23950","PE","SELL","CARRYFORWARD","65","5","325","2026-06-24","10:26:46","152.05","2026-06-25","15:00:02","52.05","Final Exit","32500.00","23481.25","23481.25","7.34","58578.85","1.19","Profit","OK"
"164","6a41fa5bf933f64fccdf9e54","Zen Credit Spread Overnight","Bull Put Spread","NIFTY","NSE","NIFTY26JUN24050PE","2026-06-30","24050","PE","SELL","CARRYFORWARD","65","4","260","2026-06-29","10:23:47","68.5","2026-06-29","12:12:52","115.35","Final Exit","-12181.00","-11388.00","-11388","-4.45","55852.55","0.08","Loss","OK"
"164","6a41fa5bf933f64fccdf9e54","Zen Credit Spread Overnight","Bull Put Spread","NIFTY","NSE","NIFTY26JUN23650PE","2026-06-30","23650","PE","BUY","CARRYFORWARD","65","4","260","2026-06-29","10:23:47","6.15","2026-06-29","12:12:52","9.2","Final Exit","793.00","-11388.00","-11388","-4.45","55852.55","0.08","Loss","OK"
"165","6a421512f933f64fccdfc070","Zen Credit Spread Overnight","Bear Call Spread","NIFTY","NSE","NIFTY26JUN24000CE","2026-06-30","24000","CE","SELL","CARRYFORWARD","65","4","260","2026-06-29","12:17:46","83.55","2026-06-30","13:21:07","11.05","Final Exit","18850.00","17628.00","17628","6.89","58111.69","1.04","Profit","OK"
"165","6a421512f933f64fccdfc070","Zen Credit Spread Overnight","Bear Call Spread","NIFTY","NSE","NIFTY26JUN24400CE","2026-06-30","24400","CE","BUY","CARRYFORWARD","65","4","260","2026-06-29","12:17:46","5.35","2026-06-30","13:21:07","0.65","Final Exit","-1222.00","17628.00","17628","6.89","58111.69","1.04","Profit","OK"
"166","6a449b7a61bbea7bc6604505","Zen Credit Spread Overnight","Bull Put Spread","NIFTY","NSE","NIFTY2670723600PE","2026-07-07","23600","PE","BUY","CARRYFORWARD","65","5","325","2026-07-01","10:15:46","34.6","2026-07-02","14:53:39","8.5","Final Exit","-8482.5","24066.25","24066.25","7.52","57627.96","1.19","Profit","OK"
"166","6a449b7a61bbea7bc6604505","Zen Credit Spread Overnight","Bull Put Spread","NIFTY","NSE","NIFTY2670724000PE","2026-07-07","24000","PE","SELL","CARRYFORWARD","65","5","325","2026-07-01","10:15:46","148.75","2026-07-02","14:53:39","48.6","Final Exit","32548.75","24066.25","24066.25","7.52","57627.96","1.19","Profit","OK"
"167","6a473e7a3098160a0b157a5f","Zen Credit Spread Overnight","Bear Call Spread","NIFTY","NSE","NIFTY2670724750CE","2026-07-07","24750","CE","BUY","CARRYFORWARD","65","5","325","2026-07-03","10:15:46","5.6","2026-07-06","14:53:30","2.15","Final Exit","-1121.25","2372.50","2372.5","0.74","54755.29","3.19","Profit","OK"
"167","6a473e7a3098160a0b157a5f","Zen Credit Spread Overnight","Bear Call Spread","NIFTY","NSE","NIFTY2670724350CE","2026-07-07","24350","CE","SELL","CARRYFORWARD","65","5","325","2026-07-03","10:15:46","97.65","2026-07-06","14:53:30","86.9","Final Exit","3493.75","2372.50","2372.5","0.74","54755.29","3.19","Profit","OK"
"168","6a4c85e2acd1916f29c09062","Zen Credit Spread Overnight","Bull Put Spread","NIFTY","NSE","NIFTY2670724100PE","2026-07-07","24100","PE","BUY","CARRYFORWARD","65","3","195","2026-07-07","10:21:46","2.05","2026-07-07","14:53:29","0.2","Final Exit","-360.75","-448.50","-448.5","-0.14","88954.84","0.19","Loss","OK"
"168","6a4c85e2acd1916f29c09062","Zen Credit Spread Overnight","Bull Put Spread","NIFTY","NSE","NIFTY2670724500PE","2026-07-07","24500","PE","SELL","CARRYFORWARD","65","3","195","2026-07-07","10:21:46","43.85","2026-07-07","14:53:29","44.3","Final Exit","-87.75","-448.50","-448.5","-0.14","88954.84","0.19","Loss","OK"
"169","6a4dd673cdf5426d5259e1ea","Zen Credit Spread Overnight","Bear Call Spread","NIFTY","NSE","NIFTY2671424650CE","2026-07-14","24650","CE","BUY","CARRYFORWARD","65","5","325","2026-07-08","10:17:47","21.35","2026-07-09","14:53:29","6.65","Final Exit","-4777.50","20458.75","20458.75","6.39","58065.87","1.19","Profit","OK"
"169","6a4dd673cdf5426d5259e1ea","Zen Credit Spread Overnight","Bear Call Spread","NIFTY","NSE","NIFTY2671424250CE","2026-07-14","24250","CE","SELL","CARRYFORWARD","65","5","325","2026-07-08","10:17:47","127.9","2026-07-09","14:53:29","50.25","Final Exit","25236.25","20458.75","20458.75","6.39","58065.87","1.19","Profit","OK"
"170","6a507cbacdf5426d525aae30","Zen Credit Spread Overnight","Bear Call Spread","NIFTY","NSE","NIFTY2671424200CE","2026-07-14","24200","CE","SELL","CARRYFORWARD","65","5","325","2026-07-10","10:31:46","107.85","2026-07-13","14:53:34","101.65","Final Exit","2015.00","585.00","585","0.18","55694.86","3.18","Profit","OK"
"170","6a507cbacdf5426d525aae30","Zen Credit Spread Overnight","Bear Call Spread","NIFTY","NSE","NIFTY2671424600CE","2026-07-14","24600","CE","BUY","CARRYFORWARD","65","5","325","2026-07-10","10:31:46","8.4","2026-07-13","14:53:34","4","Final Exit","-1430.0","585.00","585","0.18","55694.86","3.18","Profit","OK"
"171","6a55bf362070b35ed7fc18d3","Zen Credit Spread Overnight","Bear Call Spread","NIFTY","NSE","NIFTY2671424500CE","2026-07-14","24500","CE","BUY","CARRYFORWARD","65","3","195","2026-07-14","10:16:46","1","2026-07-14","13:38:00","0.35","Final Exit","-126.75","5684.25","5684.25","1.78","88771.54","0.14","Profit","OK"
"171","6a55bf362070b35ed7fc18d3","Zen Credit Spread Overnight","Bear Call Spread","NIFTY","NSE","NIFTY2671424100CE","2026-07-14","24100","CE","SELL","CARRYFORWARD","65","3","195","2026-07-14","10:16:46","40.1","2026-07-14","13:38:00","10.3","Final Exit","5811.0","5684.25","5684.25","1.78","88771.54","0.14","Profit","OK"
"172","6a5711a66a67bf1e7c053cb5","Zen Credit Spread Overnight","Bull Put Spread","NIFTY","NSE","NIFTY2672123800PE","2026-07-21","23800","PE","BUY","CARRYFORWARD","65","5","325","2026-07-15","10:20:46","39.15","2026-07-15","12:55:53","56.2","Final Exit","5541.25","-14283.75","-14283.75","-4.46","60925.35","0.11","Loss","OK"
"172","6a5711a66a67bf1e7c053cb5","Zen Credit Spread Overnight","Bull Put Spread","NIFTY","NSE","NIFTY2672124200PE","2026-07-21","24200","PE","SELL","CARRYFORWARD","65","5","325","2026-07-15","10:20:46","153","2026-07-15","12:55:53","214","Final Exit","-19825","-14283.75","-14283.75","-4.46","60925.35","0.11","Loss","OK"
"173","6a5736756a67bf1e7c055188","Zen Credit Spread Overnight","Bear Call Spread","NIFTY","NSE","NIFTY2672124500CE","2026-07-21","24500","CE","BUY","CARRYFORWARD","65","5","325","2026-07-15","12:57:49","23.5","2026-07-16","09:18:09","25.45","Final Exit","633.75","-13991.25","-13991.25","-4.37","56709.64","0.85","Loss","OK"
"173","6a5736756a67bf1e7c055188","Zen Credit Spread Overnight","Bear Call Spread","NIFTY","NSE","NIFTY2672124100CE","2026-07-21","24100","CE","SELL","CARRYFORWARD","65","5","325","2026-07-15","12:57:49","123.7","2026-07-16","09:18:09","168.7","Final Exit","-14625.0","-13991.25","-13991.25","-4.37","56709.64","0.85","Loss","OK"
"174","6a5862726a67bf1e7c05b36d","Zen Credit Spread Overnight","Bull Put Spread","NIFTY","NSE","NIFTY2672124150PE","2026-07-21","24150","PE","SELL","CARRYFORWARD","65","5","325","2026-07-16","10:17:46","137.6","2026-07-16","13:40:21","195.2","Final Exit","-18720.0","-15112.5","-15112.5","-4.72","59255.3","0.14","Loss","OK"
"174","6a5862726a67bf1e7c05b36d","Zen Credit Spread Overnight","Bull Put Spread","NIFTY","NSE","NIFTY2672123750PE","2026-07-21","23750","PE","BUY","CARRYFORWARD","65","5","325","2026-07-16","10:17:46","28.3","2026-07-16","13:40:21","39.4","Final Exit","3607.5","-15112.5","-15112.5","-4.72","59255.3","0.14","Loss","OK"
"175","6a59b37a6a67bf1e7c06543b","Zen Credit Spread Overnight","Bull Put Spread","NIFTY","NSE","NIFTY2672123850PE","2026-07-21","23850","PE","BUY","CARRYFORWARD","65","5","325","2026-07-17","10:15:46","31.1","2026-07-20","14:53:30","5.45","Final Exit","-8336.25","17403.75","17403.75","5.44","59178.6","3.19","Profit","OK"
"175","6a59b37a6a67bf1e7c06543b","Zen Credit Spread Overnight","Bull Put Spread","NIFTY","NSE","NIFTY2672124250PE","2026-07-21","24250","PE","SELL","CARRYFORWARD","65","5","325","2026-07-17","10:15:46","151.15","2026-07-20","14:53:30","71.95","Final Exit","25740.00","17403.75","17403.75","5.44","59178.6","3.19","Profit","OK"
"176","6a5ef9b66a67bf1e7c06d7af","Zen Credit Spread Overnight","Bear Call Spread","NIFTY","NSE","NIFTY2672124600CE","2026-07-21","24600","CE","BUY","CARRYFORWARD","65","3","195","2026-07-21","10:16:46","0.9","2026-07-21","12:59:20","0.85","Final Exit","-9.75","6669.00","6669","2.08","88563.02","0.11","Profit","OK"
"176","6a5ef9b66a67bf1e7c06d7af","Zen Credit Spread Overnight","Bear Call Spread","NIFTY","NSE","NIFTY2672124200CE","2026-07-21","24200","CE","SELL","CARRYFORWARD","65","3","195","2026-07-21","10:16:46","44.85","2026-07-21","12:59:20","10.6","Final Exit","6678.75","6669.00","6669","2.08","88563.02","0.11","Profit","OK"
"177","6a604b5f2b8e0564bab9c135","Zen Credit Spread Overnight","Bear Call Spread","NIFTY","NSE","NIFTY26JUL24450CE","2026-07-28","24450","CE","BUY","CARRYFORWARD","65","5","325","2026-07-22","10:17:27","26.75","2026-07-23","14:53:33","8.6","Final Exit","-5898.75","23075.00","23075","7.21","58409.52","1.19","Profit","OK"
"177","6a604b5f2b8e0564bab9c135","Zen Credit Spread Overnight","Bear Call Spread","NIFTY","NSE","NIFTY26JUL24050CE","2026-07-28","24050","CE","SELL","CARRYFORWARD","65","5","325","2026-07-22","10:17:27","138.2","2026-07-23","14:53:33","49.05","Final Exit","28973.75","23075.00","23075","7.21","58409.52","1.19","Profit","OK"
"178","6a62ee9be437dfce0ef74eb8","Zen Credit Spread Overnight","Bull Put Spread","NIFTY","NSE","NIFTY26JUL23200PE","2026-07-28","23200","PE","BUY","CARRYFORWARD","65","5","325","2026-07-24","10:18:27","21.25","2026-07-27","09:16:39","2.7","Final Exit","-6028.75","26471.25","26471.25","8.27","56144.6","2.96","Profit","OK"
"178","6a62ee9be437dfce0ef74eb8","Zen Credit Spread Overnight","Bull Put Spread","NIFTY","NSE","NIFTY26JUL23600PE","2026-07-28","23600","PE","SELL","CARRYFORWARD","65","5","325","2026-07-24","10:18:27","109.95","2026-07-27","09:16:39","9.95","Final Exit","32500.00","26471.25","26471.25","8.27","56144.6","2.96","Profit","OK"
"179","6a66e3cfe437dfce0ef77e0d","Zen Credit Spread Overnight","Bear Call Spread","NIFTY","NSE","NIFTY26JUL23950CE","2026-07-28","23950","CE","SELL","CARRYFORWARD","65","4","260","2026-07-27","10:21:27","65.1","2026-07-27","14:25:39","112.15","Final Exit","-12233.00","-11973.00","-11973","-4.68","57532.09","0.17","Loss","OK"
"179","6a66e3cfe437dfce0ef77e0d","Zen Credit Spread Overnight","Bear Call Spread","NIFTY","NSE","NIFTY26JUL24350CE","2026-07-28","24350","CE","BUY","CARRYFORWARD","65","4","260","2026-07-27","10:21:27","3.8","2026-07-27","14:25:39","4.8","Final Exit","260.0","-11973.00","-11973","-4.68","57532.09","0.17","Loss","OK"
"180","6a683423e437dfce0ef7ce0a","Zen Credit Spread Overnight","Bull Put Spread","NIFTY","NSE","NIFTY26JUL24000PE","2026-07-28","24000","PE","SELL","CARRYFORWARD","65","3","195","2026-07-28","10:16:27","43.1","2026-07-28","14:53:29","19.5","Final Exit","4602.0","4416.75","4416.75","1.38","86192.6","0.19","Profit","OK"
"180","6a683423e437dfce0ef7ce0a","Zen Credit Spread Overnight","Bull Put Spread","NIFTY","NSE","NIFTY26JUL23600PE","2026-07-28","23600","PE","BUY","CARRYFORWARD","65","3","195","2026-07-28","10:16:27","1.05","2026-07-28","14:53:29","0.1","Final Exit","-185.25","4416.75","4416.75","1.38","86192.6","0.19","Profit","OK"
"181","6a698a8f664fed9dadfa599b","Zen Credit Spread Overnight","Bull Put Spread","NIFTY","NSE","NIFTY2680423850PE","2026-08-04","23850","PE","BUY","CARRYFORWARD","65","5","325","2026-07-29","10:37:27","31.9","2026-07-30","14:53:30","14.3","Final Exit","-5720.0","11050.0","11050","3.45","59017.86","1.18","Profit","OK"
"181","6a698a8f664fed9dadfa599b","Zen Credit Spread Overnight","Bull Put Spread","NIFTY","NSE","NIFTY2680424250PE","2026-08-04","24250","PE","SELL","CARRYFORWARD","65","5","325","2026-07-29","10:37:27","147.3","2026-07-30","14:53:30","95.7","Final Exit","16770.0","11050.0","11050","3.45","59017.86","1.18","Profit","OK"
"182","6a6c2a0b83bee645c76f8978","Zen Credit Spread Overnight","Bull Put Spread","NIFTY","NSE","NIFTY2680424350PE","2026-08-04","24350","PE","SELL","CARRYFORWARD","65","5","325","2026-07-31","10:22:27","98.35","2026-08-03","09:16:34","15.2","Final Exit","27023.75","24115.00","24115","7.54","57214.82","2.95","Profit","OK"
"182","6a6c2a0b83bee645c76f8978","Zen Credit Spread Overnight","Bull Put Spread","NIFTY","NSE","NIFTY2680423950PE","2026-08-04","23950","PE","BUY","CARRYFORWARD","65","5","325","2026-07-31","10:22:27","12.6","2026-08-03","09:16:34","3.65","Final Exit","-2908.75","24115.00","24115","7.54","57214.82","2.95","Profit","OK"
"183","6a701ce711cba704ba08a154","Zen Credit Spread Overnight","Bull Put Spread","NIFTY","NSE","NIFTY2680424200PE","2026-08-04","24200","PE","BUY","CARRYFORWARD","65","4","260","2026-08-03","10:15:27","5.7","2026-08-04","12:10:26","1.4","Final Exit","-1118.0","-11115.00","-11115","-4.34","58307.67","1.08","Loss","OK"
"183","6a701ce711cba704ba08a154","Zen Credit Spread Overnight","Bull Put Spread","NIFTY","NSE","NIFTY2680424600PE","2026-08-04","24600","PE","SELL","CARRYFORWARD","65","4","260","2026-08-03","10:15:27","72.1","2026-08-04","12:10:26","110.55","Final Exit","-9997.00","-11115.00","-11115","-4.34","58307.67","1.08","Loss","OK"
"184","6a72c3305eb24d8e8fa31ee3","Zen Credit Spread Overnight","Bear Call Spread","NIFTY","NSE","NIFTY2681125000CE","2026-08-11","25000","CE","BUY","CARRYFORWARD","65","5","325","2026-08-05","10:29:28","24.9","2026-08-06","14:53:31","26.15","Final Exit","406.25","-4046.25","-4046.25","-1.26","55379.55","1.18","Loss","OK"
"184","6a72c3305eb24d8e8fa31ee3","Zen Credit Spread Overnight","Bear Call Spread","NIFTY","NSE","NIFTY2681124600CE","2026-08-11","24600","CE","SELL","CARRYFORWARD","65","5","325","2026-08-05","10:29:28","155.45","2026-08-06","14:53:31","169.15","Final Exit","-4452.50","-4046.25","-4046.25","-1.26","55379.55","1.18","Loss","OK"
"185","6a7562e75eb24d8e8fa37ce1","Zen Credit Spread Overnight","Bear Call Spread","NIFTY","NSE","NIFTY2681124600CE","2026-08-11","24600","CE","SELL","CARRYFORWARD","65","5","325","2026-08-07","10:15:27","137.9","2026-08-10","14:53:43","76.2","Final Exit","20052.5","14478.75","14478.75","4.52","59080.39","3.19","Profit","OK"
"185","6a7562e75eb24d8e8fa37ce1","Zen Credit Spread Overnight","Bear Call Spread","NIFTY","NSE","NIFTY2681125000CE","2026-08-11","25000","CE","BUY","CARRYFORWARD","65","5","325","2026-08-07","10:15:27","19.6","2026-08-10","14:53:43","2.45","Final Exit","-5573.75","14478.75","14478.75","4.52","59080.39","3.19","Profit","OK"
"186","6a7aad1e5eb24d8e8fa3ec23","Zen Credit Spread Overnight","Bull Put Spread","NIFTY","NSE","NIFTY2681124100PE","2026-08-11","24100","PE","BUY","CARRYFORWARD","65","3","195","2026-08-11","10:33:26","0.75","2026-08-11","14:53:29","0.2","Final Exit","-107.25","2135.25","2135.25","0.67","89010.22","0.18","Profit","OK"
"186","6a7aad1e5eb24d8e8fa3ec23","Zen Credit Spread Overnight","Bull Put Spread","NIFTY","NSE","NIFTY2681124500PE","2026-08-11","24500","PE","SELL","CARRYFORWARD","65","3","195","2026-08-11","10:33:26","60.6","2026-08-11","14:53:29","49.1","Final Exit","2242.5","2135.25","2135.25","0.67","89010.22","0.18","Profit","OK"
"187","6a7bfbcf5eb24d8e8fa40f78","Zen Credit Spread Overnight","Bull Put Spread","NIFTY","NSE","NIFTY2681824400PE","2026-08-18","24400","PE","SELL","CARRYFORWARD","65","5","325","2026-08-12","10:21:27","121.95","2026-08-13","14:53:45","86.75","Final Exit","11440.00","7540.00","7540","2.36","56398.03","1.19","Profit","OK"
"187","6a7bfbcf5eb24d8e8fa40f78","Zen Credit Spread Overnight","Bull Put Spread","NIFTY","NSE","NIFTY2681824000PE","2026-08-18","24000","PE","BUY","CARRYFORWARD","65","5","325","2026-08-12","10:21:27","20.4","2026-08-13","14:53:45","8.4","Final Exit","-3900.0","7540.00","7540","2.36","56398.03","1.19","Profit","OK"
"188","6a7e9da35b0f9a1a08675a3d","Zen Credit Spread Overnight","Bear Call Spread","NIFTY","NSE","NIFTY2681824750CE","2026-08-18","24750","CE","BUY","CARRYFORWARD","65","5","325","2026-08-14","10:16:27","7","2026-08-17","14:53:29","2.15","Final Exit","-1576.25","8677.50","8677.5","2.71","57163.54","3.19","Profit","OK"
"188","6a7e9da35b0f9a1a08675a3d","Zen Credit Spread Overnight","Bear Call Spread","NIFTY","NSE","NIFTY2681824350CE","2026-08-18","24350","CE","SELL","CARRYFORWARD","65","5","325","2026-08-14","10:16:27","102.25","2026-08-17","14:53:29","70.7","Final Exit","10253.75","8677.50","8677.5","2.71","57163.54","3.19","Profit","OK"
"189","6a83e3a41015850a9ab2e7c5","Zen Credit Spread Overnight","Bear Call Spread","NIFTY","NSE","NIFTY2681824200CE","2026-08-18","24200","CE","SELL","CARRYFORWARD","65","3","195","2026-08-18","10:16:28","44.85","2026-08-18","14:53:29","32.55","Final Exit","2398.50","2262.00","2262","0.71","91775.06","0.19","Profit","OK"
"189","6a83e3a41015850a9ab2e7c5","Zen Credit Spread Overnight","Bear Call Spread","NIFTY","NSE","NIFTY2681824600CE","2026-08-18","24600","CE","BUY","CARRYFORWARD","65","3","195","2026-08-18","10:16:28","0.9","2026-08-18","14:53:29","0.2","Final Exit","-136.5","2262.00","2262","0.71","91775.06","0.19","Profit","OK"
"190","6a8535d8f3a194fafa0aeb69","Zen Credit Spread Overnight","Bear Call Spread","NIFTY","NSE","NIFTY26AUG24500CE","2026-08-25","24500","CE","BUY","CARRYFORWARD","65","5","325","2026-08-19","10:19:28","18.45","2026-08-20","09:16:45","26.65","Final Exit","2665.00","-17436.25","-17436.25","-5.45","58952.01","0.96","Loss","OK"
"190","6a8535d8f3a194fafa0aeb69","Zen Credit Spread Overnight","Bear Call Spread","NIFTY","NSE","NIFTY26AUG24100CE","2026-08-25","24100","CE","SELL","CARRYFORWARD","65","5","325","2026-08-19","10:19:28","135.7","2026-08-20","09:16:45","197.55","Final Exit","-20101.25","-17436.25","-17436.25","-5.45","58952.01","0.96","Loss","OK"
"191","6a868668cd216e0b34380f4e","Zen Credit Spread Overnight","Bull Put Spread","NIFTY","NSE","NIFTY26AUG23800PE","2026-08-25","23800","PE","BUY","CARRYFORWARD","65","5","325","2026-08-20","10:15:28","7.7","2026-08-21","14:53:29","4.3","Final Exit","-1105.0","5102.5","5102.5","1.59","55976.05","1.19","Profit","OK"
"191","6a868668cd216e0b34380f4e","Zen Credit Spread Overnight","Bull Put Spread","NIFTY","NSE","NIFTY26AUG24200PE","2026-08-25","24200","PE","SELL","CARRYFORWARD","65","5","325","2026-08-20","10:15:28","64.5","2026-08-21","14:53:29","45.4","Final Exit","6207.5","5102.5","5102.5","1.59","55976.05","1.19","Profit","OK"
"192","6a8bcd604d00bf9fada85ac6","Zen Credit Spread Overnight","Bull Put Spread","NIFTY","NSE","NIFTY26AUG24300PE","2026-08-25","24300","PE","SELL","CARRYFORWARD","65","4","260","2026-08-24","10:19:36","50.8","2026-08-24","11:05:33","96.3","Final Exit","-11830.0","-11349.00","-11349","-4.43","54857.4","0.03","Loss","OK"
"192","6a8bcd604d00bf9fada85ac6","Zen Credit Spread Overnight","Bull Put Spread","NIFTY","NSE","NIFTY26AUG23900PE","2026-08-25","23900","PE","BUY","CARRYFORWARD","65","4","260","2026-08-24","10:19:36","2.55","2026-08-24","11:05:33","4.4","Final Exit","481.00","-11349.00","-11349","-4.43","54857.4","0.03","Loss","OK"
"193","6a8bd8a04d00bf9fada85f40","Zen Credit Spread Overnight","Bear Call Spread","NIFTY","NSE","NIFTY26AUG24600CE","2026-08-25","24600","CE","BUY","CARRYFORWARD","65","4","260","2026-08-24","11:07:36","2.95","2026-08-25","13:13:55","0.5","Final Exit","-637.00","21372.00","21372","8.35","57491.33","1.09","Profit","OK"
"193","6a8bd8a04d00bf9fada85f40","Zen Credit Spread Overnight","Bear Call Spread","NIFTY","NSE","NIFTY26AUG24200CE","2026-08-25","24200","CE","SELL","CARRYFORWARD","65","4","260","2026-08-24","11:07:36","93.6","2026-08-25","13:13:55","8.95","Final Exit","22009.00","21372.00","21372","8.35","57491.33","1.09","Profit","OK"
"194","6a8e7094915f865282da1f46","Zen Credit Spread Overnight","Bear Call Spread","NIFTY","NSE","NIFTY2690124300CE","2026-09-01","24300","CE","SELL","CARRYFORWARD","65","5","325","2026-08-26","10:20:28","167","2026-08-27","14:53:29","69.8","Final Exit","31590.0","27755.0","27755","8.67","57602.61","1.19","Profit","OK"
"194","6a8e7094915f865282da1f46","Zen Credit Spread Overnight","Bear Call Spread","NIFTY","NSE","NIFTY2690124700CE","2026-09-01","24700","CE","BUY","CARRYFORWARD","65","5","325","2026-08-26","10:20:28","18","2026-08-27","14:53:29","6.2","Final Exit","-3835.0","27755.0","27755","8.67","57602.61","1.19","Profit","OK"
"195","6a9112a49989acc241d42968","Zen Credit Spread Overnight","Bull Put Spread","NIFTY","NSE","NIFTY2690124150PE","2026-09-01","24150","PE","SELL","CARRYFORWARD","65","6","390","2026-08-28","10:16:28","52.75","2026-08-28","11:57:06","100.15","Final Exit","-18486.00","-16965.00","-16965","-5.3","52968.37","0.07","Loss","OK"
"195","6a9112a49989acc241d42968","Zen Credit Spread Overnight","Bull Put Spread","NIFTY","NSE","NIFTY2690123750PE","2026-09-01","23750","PE","BUY","CARRYFORWARD","65","6","390","2026-08-28","10:16:28","6.35","2026-08-28","11:57:06","10.25","Final Exit","1521.00","-16965.00","-16965","-5.3","52968.37","0.07","Loss","OK"
"196","6a912ac8451cd37ba25c9e47","Zen Credit Spread Overnight","Bear Call Spread","NIFTY","NSE","NIFTY2690124500CE","2026-09-01","24500","CE","BUY","CARRYFORWARD","65","5","325","2026-08-28","11:59:28","10.9","2026-08-28","15:11:59","14.45","Final Exit","1153.75","-15567.50","-15567.5","-4.86","58291.22","0.13","Loss","OK"
"196","6a912ac8451cd37ba25c9e47","Zen Credit Spread Overnight","Bear Call Spread","NIFTY","NSE","NIFTY2690124100CE","2026-09-01","24100","CE","SELL","CARRYFORWARD","65","5","325","2026-08-28","11:59:28","126.75","2026-08-28","15:11:59","178.2","Final Exit","-16721.25","-15567.50","-15567.5","-4.86","58291.22","0.13","Loss","OK"
"197","6a9506e86de93d041b6f0329","Zen Credit Spread Overnight","Bear Call Spread","NIFTY","NSE","NIFTY2690124000CE","2026-09-01","24000","CE","SELL","CARRYFORWARD","65","4","260","2026-08-31","10:15:28","99.15","2026-08-31","11:54:41","147.7","Final Exit","-12623.00","-11973.00","-11973","-4.68","60068.97","0.07","Loss","OK"
"197","6a9506e86de93d041b6f0329","Zen Credit Spread Overnight","Bear Call Spread","NIFTY","NSE","NIFTY2690124400CE","2026-09-01","24400","CE","BUY","CARRYFORWARD","65","4","260","2026-08-31","10:15:28","5.75","2026-08-31","11:54:41","8.25","Final Exit","650.00","-11973.00","-11973","-4.68","60068.97","0.07","Loss","OK"
"198","6a951e936de93d041b6f0500","Zen Credit Spread Overnight","Bull Put Spread","NIFTY","NSE","NIFTY2690124050PE","2026-09-01","24050","PE","SELL","CARRYFORWARD","65","4","260","2026-08-31","11:56:27","45.5","2026-09-01","12:09:54","11.05","Final Exit","8957.00","8307.00","8307","3.24","55816.67","1.01","Profit","OK"
"198","6a951e936de93d041b6f0500","Zen Credit Spread Overnight","Bull Put Spread","NIFTY","NSE","NIFTY2690123650PE","2026-09-01","23650","PE","BUY","CARRYFORWARD","65","4","260","2026-08-31","11:56:27","3.5","2026-09-01","12:09:54","1","Final Exit","-650.0","8307.00","8307","3.24","55816.67","1.01","Profit","OK"
"199","6a97ab503230e9abd05afe69","Zen Credit Spread Overnight","Bull Put Spread","NIFTY","NSE","NIFTY2690823850PE","2026-09-08","23850","PE","SELL","CARRYFORWARD","65","5","325","2026-09-02","10:21:28","112","2026-09-03","14:53:29","63.15","Final Exit","15876.25","11245.00","11245","3.51","56930.64","1.19","Profit","OK"
"199","6a97ab503230e9abd05afe69","Zen Credit Spread Overnight","Bull Put Spread","NIFTY","NSE","NIFTY2690823450PE","2026-09-08","23450","PE","BUY","CARRYFORWARD","65","5","325","2026-09-02","10:21:28","21.9","2026-09-03","14:53:29","7.65","Final Exit","-4631.25","11245.00","11245","3.51","56930.64","1.19","Profit","OK"
"200","6a9a4ce89af76280d1d424e3","Zen Credit Spread Overnight","Bear Call Spread","NIFTY","NSE","NIFTY2690824350CE","2026-09-08","24350","CE","BUY","CARRYFORWARD","65","5","325","2026-09-04","10:15:28","8.5","2026-09-07","14:53:29","1.85","Final Exit","-2161.25","26796.25","26796.25","8.37","55886.48","3.19","Profit","OK"
"200","6a9a4ce89af76280d1d424e3","Zen Credit Spread Overnight","Bear Call Spread","NIFTY","NSE","NIFTY2690823950CE","2026-09-08","23950","CE","SELL","CARRYFORWARD","65","5","325","2026-09-04","10:15:28","110.7","2026-09-07","14:53:29","21.6","Final Exit","28957.5","26796.25","26796.25","8.37","55886.48","3.19","Profit","OK"
"201","6a9f92e887c3e278f1e97199","Zen Credit Spread Overnight","Bull Put Spread","NIFTY","NSE","NIFTY2690823300PE","2026-09-08","23300","PE","BUY","CARRYFORWARD","65","3","195","2026-09-08","10:15:28","1.05","2026-09-08","14:53:29","0.5","Final Exit","-107.25","-5469.75","-5469.75","-1.71","86808.67","0.19","Loss","OK"
"201","6a9f92e887c3e278f1e97199","Zen Credit Spread Overnight","Bull Put Spread","NIFTY","NSE","NIFTY2690823700PE","2026-09-08","23700","PE","SELL","CARRYFORWARD","65","3","195","2026-09-08","10:15:28","36.3","2026-09-08","14:53:29","63.8","Final Exit","-5362.5","-5469.75","-5469.75","-1.71","86808.67","0.19","Loss","OK"
"202","6aa0e4a4e14e48fd9d912109","Zen Credit Spread Overnight","Bull Put Spread","NIFTY","NSE","NIFTY2691523100PE","2026-09-15","23100","PE","BUY","CARRYFORWARD","65","5","325","2026-09-09","10:16:28","19.5","2026-09-10","14:53:29","17.7","Final Exit","-585.0","-6061.25","-6061.25","-1.89","54505.23","1.19","Loss","OK"
"202","6aa0e4a4e14e48fd9d912109","Zen Credit Spread Overnight","Bull Put Spread","NIFTY","NSE","NIFTY2691523500PE","2026-09-15","23500","PE","SELL","CARRYFORWARD","65","5","325","2026-09-09","10:16:28","107.45","2026-09-10","14:53:29","124.3","Final Exit","-5476.25","-6061.25","-6061.25","-1.89","54505.23","1.19","Loss","OK"
"203","6aa387684b28b6fe7579a95c","Zen Credit Spread Overnight","Bull Put Spread","NIFTY","NSE","NIFTY2691522900PE","2026-09-15","22900","PE","BUY","CARRYFORWARD","65","5","325","2026-09-11","10:15:28","14.35","2026-09-15","09:16:37","1.25","Final Exit","-4257.50","28616.25","28616.25","8.94","55292.9","3.96","Profit","OK"
"203","6aa387684b28b6fe7579a95c","Zen Credit Spread Overnight","Bull Put Spread","NIFTY","NSE","NIFTY2691523300PE","2026-09-15","23300","PE","SELL","CARRYFORWARD","65","5","325","2026-09-11","10:15:28","108.65","2026-09-15","09:16:37","7.5","Final Exit","32873.75","28616.25","28616.25","8.94","55292.9","3.96","Profit","OK"
"204","6aaa1f60322d7771a3588353","Zen Credit Spread Overnight","Bull Put Spread","NIFTY","NSE","NIFTY2692223200PE","2026-09-22","23200","PE","SELL","CARRYFORWARD","65","5","325","2026-09-16","10:17:28","146.5","2026-09-17","14:53:29","77.9","Final Exit","22295.0","12642.5","12642.5","3.95","56433.52","1.19","Profit","OK"
"204","6aaa1f60322d7771a3588353","Zen Credit Spread Overnight","Bull Put Spread","NIFTY","NSE","NIFTY2692222800PE","2026-09-22","22800","PE","BUY","CARRYFORWARD","65","5","325","2026-09-16","10:17:28","44.2","2026-09-17","14:53:29","14.5","Final Exit","-9652.5","12642.5","12642.5","3.95","56433.52","1.19","Profit","OK"
"205","6aacc440f1fe33bd70d6fa7f","Zen Credit Spread Overnight","Bear Call Spread","NIFTY","NSE","NIFTY2692223700CE","2026-09-22","23700","CE","BUY","CARRYFORWARD","65","5","325","2026-09-18","10:25:28","7.85","2026-09-21","13:57:17","4.1","Final Exit","-1218.75","-14153.75","-14153.75","-4.42","55798.47","3.15","Loss","OK"
"205","6aacc440f1fe33bd70d6fa7f","Zen Credit Spread Overnight","Bear Call Spread","NIFTY","NSE","NIFTY2692223300CE","2026-09-22","23300","CE","SELL","CARRYFORWARD","65","5","325","2026-09-18","10:25:28","118.85","2026-09-21","13:57:17","158.65","Final Exit","-12935.00","-14153.75","-14153.75","-4.42","55798.47","3.15","Loss","OK"
"206","6ab0eaeb063a18cc7338d13a","Zen Credit Spread Overnight","Bull Put Spread","NIFTY","NSE","NIFTY2692223450PE","2026-09-22","23450","PE","SELL","CARRYFORWARD","65","4","260","2026-09-21","13:59:31","63.05","2026-09-22","10:52:36","102.35","Final Exit","-10218.00","-11102.00","-11102","-4.34","55410.55","0.87","Loss","OK"
"206","6ab0eaeb063a18cc7338d13a","Zen Credit Spread Overnight","Bull Put Spread","NIFTY","NSE","NIFTY2692223050PE","2026-09-22","23050","PE","BUY","CARRYFORWARD","65","4","260","2026-09-21","13:59:31","5.5","2026-09-22","10:52:36","2.1","Final Exit","-884.0","-11102.00","-11102","-4.34","55410.55","0.87","Loss","OK"
"207","6ab359df2065aeb7c7b24899","Zen Credit Spread Overnight","Bull Put Spread","NIFTY","NSE","NIFTY26SEP23000PE","2026-09-29","23000","PE","BUY","CARRYFORWARD","65","5","325","2026-09-23","10:17:27","18.95","2026-09-24","09:16:34","33.05","Final Exit","4582.50","-18005.00","-18005","-5.63","54462.98","0.96","Loss","OK"
"207","6ab359df2065aeb7c7b24899","Zen Credit Spread Overnight","Bull Put Spread","NIFTY","NSE","NIFTY26SEP23400PE","2026-09-29","23400","PE","SELL","CARRYFORWARD","65","5","325","2026-09-23","10:17:27","112","2026-09-24","09:16:34","181.5","Final Exit","-22587.5","-18005.00","-18005","-5.63","54462.98","0.96","Loss","OK"
"208","6ab4aae73fb69eb28005681f","Zen Credit Spread Overnight","Bear Call Spread","NIFTY","NSE","NIFTY26SEP23250CE","2026-09-29","23250","CE","SELL","CARRYFORWARD","65","5","325","2026-09-24","10:15:27","107.15","2026-09-25","14:53:29","65.35","Final Exit","13585.00","11651.25","11651.25","3.64","57509.79","1.19","Profit","OK"
"208","6ab4aae73fb69eb28005681f","Zen Credit Spread Overnight","Bear Call Spread","NIFTY","NSE","NIFTY26SEP23650CE","2026-09-29","23650","CE","BUY","CARRYFORWARD","65","5","325","2026-09-24","10:15:27","11.45","2026-09-25","14:53:29","5.5","Final Exit","-1933.75","11651.25","11651.25","3.64","57509.79","1.19","Profit","OK"
